,Source,eType,Target,Time,Weight,SourceLocation,TargetLocation,SourceLatitude,SourceLongitude,TargetLatitude,TargetLongitude
0,600971,4,579269,-685755382,0.166667,,,,,,
1,600971,0,611692,18442247,1.0,,,,,,
2,600971,0,573678,9879354,1.0,,,,,,
3,600971,1,564804,26560681,1.0,0.0,1.0,37.5294,-41.5884,-30.8487,-12.8853
4,600971,0,626174,8391058,1.0,,,,,,
5,600971,1,559941,29812379,1.0,0.0,3.0,37.5294,-41.5884,-24.7918,-110.51100000000001
6,600971,1,542731,2696383,1.0,0.0,1.0,37.5294,-41.5884,-29.5299,-14.3046
7,600971,0,529765,7172329,1.0,,,,,,
8,600971,1,470784,21610929,1.0,0.0,0.0,37.5294,-41.5884,29.5837,-41.4059
9,600971,1,554368,12358995,1.0,0.0,4.0,37.5294,-41.5884,-1.1159299999999999,-162.10399999999998
10,600971,1,554368,5817846,1.0,0.0,4.0,37.5294,-41.5884,-1.1159299999999999,-162.10399999999998
11,600971,1,554368,12627610,1.0,0.0,4.0,37.5294,-41.5884,-1.1159299999999999,-162.10399999999998
12,600971,1,556329,17988534,1.0,0.0,0.0,37.5294,-41.5884,29.9415,-37.5082
13,600971,1,638591,18749952,1.0,0.0,0.0,37.5294,-41.5884,35.0116,-36.4452
14,600971,0,477333,6341410,1.0,,,,,,
15,600971,1,547483,16522188,1.0,0.0,0.0,37.5294,-41.5884,30.0818,-40.8486
16,600971,1,630700,9333627,1.0,0.0,0.0,37.5294,-41.5884,40.2553,-37.3624
17,600971,1,584511,1577500,1.0,0.0,0.0,37.5294,-41.5884,28.0193,-40.4917
18,600971,1,527214,14121008,1.0,0.0,5.0,37.5294,-41.5884,25.1251,154.082
19,600971,1,571938,28196047,1.0,0.0,4.0,37.5294,-41.5884,3.8435300000000003,-161.007
20,600971,0,631490,2856680,1.0,,,,,,
21,600971,0,533691,18163469,1.0,,,,,,
22,600971,1,536173,9427006,1.0,0.0,0.0,37.5294,-41.5884,32.184,-42.8728
23,600971,0,575811,4983124,1.0,,,,,,
24,600971,0,558444,20407205,1.0,,,,,,
25,600971,1,616825,6341410,1.0,0.0,5.0,37.5294,-41.5884,20.6198,154.96
26,600971,1,490882,7454939,1.0,0.0,2.0,37.5294,-41.5884,-23.3022,92.1876
27,600971,1,591024,24800701,1.0,0.0,0.0,37.5294,-41.5884,25.4659,-42.1698
28,600971,1,495487,9862567,1.0,0.0,1.0,37.5294,-41.5884,-32.3914,-16.549
29,600971,1,493846,19975508,1.0,0.0,5.0,37.5294,-41.5884,24.2605,154.398
30,600971,1,481408,11328162,1.0,0.0,3.0,37.5294,-41.5884,-24.6031,-110.411
31,600971,1,594696,11681154,1.0,0.0,0.0,37.5294,-41.5884,34.8363,-42.8385
32,600971,1,462691,29507696,1.0,0.0,4.0,37.5294,-41.5884,3.64592,-161.69299999999998
33,600971,0,631159,4950767,1.0,,,,,,
34,600971,1,468192,13662547,1.0,0.0,3.0,37.5294,-41.5884,-24.4295,-112.274
35,600971,0,605385,13855995,1.0,,,,,,
36,600971,1,621178,14403997,1.0,0.0,4.0,37.5294,-41.5884,4.1898599999999995,-161.999
37,600971,1,506539,14342764,1.0,0.0,2.0,37.5294,-41.5884,-21.5812,88.2038
38,600971,0,564784,15060171,1.0,,,,,,
39,600971,0,521273,31112158,1.0,,,,,,
40,600971,0,529018,19579322,1.0,,,,,,
41,600971,1,466429,22336326,1.0,0.0,2.0,37.5294,-41.5884,-18.5006,91.8462
42,600971,1,469603,23890913,1.0,0.0,0.0,37.5294,-41.5884,30.2618,-39.4854
43,600971,1,532462,28436049,1.0,0.0,0.0,37.5294,-41.5884,31.2013,-44.6132
44,600971,0,583737,30594852,1.0,,,,,,
45,611692,4,579269,-660038400,0.166667,,,,,,
46,611692,1,554368,9880251,1.0,0.0,4.0,27.3689,-38.611,-1.1159299999999999,-162.10399999999998
47,573678,1,600971,22206615,1.0,4.0,0.0,-2.32133,-164.458,37.5294,-41.5884
48,564804,1,600971,22053433,1.0,1.0,0.0,-30.8487,-12.8853,37.5294,-41.5884
49,564804,1,600971,22060372,1.0,1.0,0.0,-30.8487,-12.8853,37.5294,-41.5884
50,564804,1,554368,13754425,1.0,1.0,4.0,-30.8487,-12.8853,-1.1159299999999999,-162.10399999999998
51,564804,1,554368,13912452,1.0,1.0,4.0,-30.8487,-12.8853,-1.1159299999999999,-162.10399999999998
52,564804,1,527214,10667542,1.0,1.0,5.0,-30.8487,-12.8853,25.1251,154.082
53,564804,0,631159,12096922,1.0,,,,,,
54,564804,1,583737,31158776,1.0,1.0,0.0,-30.8487,-12.8853,24.8021,-40.1524
55,626174,1,600971,24546297,1.0,5.0,0.0,22.9325,151.105,37.5294,-41.5884
56,626174,0,554368,1226894,1.0,,,,,,
57,626174,0,554368,21434447,1.0,,,,,,
58,626174,1,554368,26326050,1.0,5.0,4.0,22.9325,151.105,-1.1159299999999999,-162.10399999999998
59,626174,0,554368,19475292,1.0,,,,,,
60,626174,0,638591,11256514,1.0,,,,,,
61,626174,1,533691,28446845,1.0,5.0,0.0,22.9325,151.105,31.0955,-40.3514
62,626174,1,533691,28225872,1.0,5.0,0.0,22.9325,151.105,31.0955,-40.3514
63,626174,0,462691,29496054,1.0,,,,,,
64,626174,0,631159,21605492,1.0,,,,,,
65,626174,1,506539,15534024,1.0,5.0,2.0,22.9325,151.105,-21.5812,88.2038
66,626174,0,583737,16676667,1.0,,,,,,
67,559941,1,600971,15407438,1.0,3.0,0.0,-24.7918,-110.51100000000001,37.5294,-41.5884
68,559941,1,554368,14437481,1.0,3.0,4.0,-24.7918,-110.51100000000001,-1.1159299999999999,-162.10399999999998
69,559941,1,554368,14382563,1.0,3.0,4.0,-24.7918,-110.51100000000001,-1.1159299999999999,-162.10399999999998
70,542731,1,600971,11016150,1.0,1.0,0.0,-29.5299,-14.3046,37.5294,-41.5884
71,542731,0,490882,7807376,1.0,,,,,,
72,529765,1,600971,3356300,1.0,3.0,0.0,-24.9399,-110.911,37.5294,-41.5884
73,529765,0,564784,12192031,1.0,,,,,,
74,470784,1,600971,23011210,1.0,0.0,0.0,29.5837,-41.4059,37.5294,-41.5884
75,470784,1,554368,7812765,1.0,0.0,4.0,29.5837,-41.4059,-1.1159299999999999,-162.10399999999998
76,470784,0,554368,8832968,1.0,,,,,,
77,470784,0,554368,15274489,1.0,,,,,,
78,470784,1,554368,16244361,1.0,0.0,4.0,29.5837,-41.4059,-1.1159299999999999,-162.10399999999998
79,470784,0,554368,24151714,1.0,,,,,,
80,470784,0,462691,3812111,1.0,,,,,,
81,470784,0,506539,5445843,1.0,,,,,,
82,470784,0,529018,2336082,1.0,,,,,,
83,470784,1,529018,16857757,1.0,0.0,5.0,29.5837,-41.4059,20.4478,158.524
84,470784,0,529018,8045429,1.0,,,,,,
85,470784,1,469603,9809420,1.0,0.0,0.0,29.5837,-41.4059,30.2618,-39.4854
86,554368,1,600971,13654133,1.0,4.0,0.0,-1.1159299999999999,-162.10399999999998,37.5294,-41.5884
87,554368,1,600971,16763298,1.0,4.0,0.0,-1.1159299999999999,-162.10399999999998,37.5294,-41.5884
88,554368,1,611692,19664415,1.0,4.0,0.0,-1.1159299999999999,-162.10399999999998,27.3689,-38.611
89,554368,0,564804,19819806,1.0,,,,,,
90,554368,1,564804,1668259,1.0,4.0,1.0,-1.1159299999999999,-162.10399999999998,-30.8487,-12.8853
91,554368,1,564804,13404243,1.0,4.0,1.0,-1.1159299999999999,-162.10399999999998,-30.8487,-12.8853
92,554368,0,626174,22677363,1.0,,,,,,
93,554368,1,626174,24815977,1.0,4.0,5.0,-1.1159299999999999,-162.10399999999998,22.9325,151.105
94,554368,0,626174,25008646,1.0,,,,,,
95,554368,1,559941,26796049,1.0,4.0,3.0,-1.1159299999999999,-162.10399999999998,-24.7918,-110.51100000000001
96,554368,0,529765,29031643,1.0,,,,,,
97,554368,1,470784,3039621,1.0,4.0,0.0,-1.1159299999999999,-162.10399999999998,29.5837,-41.4059
98,554368,1,554368,7804399,1.0,4.0,4.0,-1.1159299999999999,-162.10399999999998,-1.1159299999999999,-162.10399999999998
99,554368,1,554368,29039040,1.0,4.0,4.0,-1.1159299999999999,-162.10399999999998,-1.1159299999999999,-162.10399999999998
100,554368,0,554368,14356131,1.0,,,,,,
101,554368,0,554368,26886659,1.0,,,,,,
102,554368,1,554368,2352347,1.0,4.0,4.0,-1.1159299999999999,-162.10399999999998,-1.1159299999999999,-162.10399999999998
103,554368,1,554368,15302217,1.0,4.0,4.0,-1.1159299999999999,-162.10399999999998,-1.1159299999999999,-162.10399999999998
104,554368,0,554368,25073293,1.0,,,,,,
105,554368,1,554368,25941059,1.0,4.0,4.0,-1.1159299999999999,-162.10399999999998,-1.1159299999999999,-162.10399999999998
106,554368,1,554368,27058804,1.0,4.0,4.0,-1.1159299999999999,-162.10399999999998,-1.1159299999999999,-162.10399999999998
107,554368,1,554368,12448778,1.0,4.0,4.0,-1.1159299999999999,-162.10399999999998,-1.1159299999999999,-162.10399999999998
108,554368,1,554368,19618960,1.0,4.0,4.0,-1.1159299999999999,-162.10399999999998,-1.1159299999999999,-162.10399999999998
109,554368,0,554368,2627104,1.0,,,,,,
110,554368,1,554368,7890511,1.0,4.0,4.0,-1.1159299999999999,-162.10399999999998,-1.1159299999999999,-162.10399999999998
111,554368,1,554368,12271154,1.0,4.0,4.0,-1.1159299999999999,-162.10399999999998,-1.1159299999999999,-162.10399999999998
112,554368,1,554368,25149961,1.0,4.0,4.0,-1.1159299999999999,-162.10399999999998,-1.1159299999999999,-162.10399999999998
113,554368,1,554368,12964814,1.0,4.0,4.0,-1.1159299999999999,-162.10399999999998,-1.1159299999999999,-162.10399999999998
114,554368,1,554368,3817237,1.0,4.0,4.0,-1.1159299999999999,-162.10399999999998,-1.1159299999999999,-162.10399999999998
115,554368,0,554368,2004449,1.0,,,,,,
116,554368,1,554368,20231056,1.0,4.0,4.0,-1.1159299999999999,-162.10399999999998,-1.1159299999999999,-162.10399999999998
117,554368,1,554368,22771843,1.0,4.0,4.0,-1.1159299999999999,-162.10399999999998,-1.1159299999999999,-162.10399999999998
118,554368,0,554368,8126220,1.0,,,,,,
119,554368,1,554368,15986674,1.0,4.0,4.0,-1.1159299999999999,-162.10399999999998,-1.1159299999999999,-162.10399999999998
120,554368,1,554368,14603055,1.0,4.0,4.0,-1.1159299999999999,-162.10399999999998,-1.1159299999999999,-162.10399999999998
121,554368,1,554368,2976558,1.0,4.0,4.0,-1.1159299999999999,-162.10399999999998,-1.1159299999999999,-162.10399999999998
122,554368,1,554368,16418404,1.0,4.0,4.0,-1.1159299999999999,-162.10399999999998,-1.1159299999999999,-162.10399999999998
123,554368,1,554368,6225025,1.0,4.0,4.0,-1.1159299999999999,-162.10399999999998,-1.1159299999999999,-162.10399999999998
124,554368,1,554368,18679785,1.0,4.0,4.0,-1.1159299999999999,-162.10399999999998,-1.1159299999999999,-162.10399999999998
125,554368,1,554368,17632114,1.0,4.0,4.0,-1.1159299999999999,-162.10399999999998,-1.1159299999999999,-162.10399999999998
126,554368,1,554368,25891841,1.0,4.0,4.0,-1.1159299999999999,-162.10399999999998,-1.1159299999999999,-162.10399999999998
127,554368,1,554368,16417434,1.0,4.0,4.0,-1.1159299999999999,-162.10399999999998,-1.1159299999999999,-162.10399999999998
128,554368,1,638591,1759813,1.0,4.0,0.0,-1.1159299999999999,-162.10399999999998,35.0116,-36.4452
129,554368,1,638591,8667403,1.0,4.0,0.0,-1.1159299999999999,-162.10399999999998,35.0116,-36.4452
130,554368,1,638591,13374050,1.0,4.0,0.0,-1.1159299999999999,-162.10399999999998,35.0116,-36.4452
131,554368,1,638591,28089127,1.0,4.0,0.0,-1.1159299999999999,-162.10399999999998,35.0116,-36.4452
132,554368,0,638591,30437309,1.0,,,,,,
133,554368,0,477333,1497198,1.0,,,,,,
134,554368,1,584511,8908973,1.0,4.0,0.0,-1.1159299999999999,-162.10399999999998,28.0193,-40.4917
135,554368,0,631490,18411853,1.0,,,,,,
136,554368,0,533691,20307809,1.0,,,,,,
137,554368,0,533691,322808,1.0,,,,,,
138,554368,1,533691,18304962,1.0,4.0,0.0,-1.1159299999999999,-162.10399999999998,31.0955,-40.3514
139,554368,0,533691,6095717,1.0,,,,,,
140,554368,1,533691,14039667,1.0,4.0,0.0,-1.1159299999999999,-162.10399999999998,31.0955,-40.3514
141,554368,1,533691,18391505,1.0,4.0,0.0,-1.1159299999999999,-162.10399999999998,31.0955,-40.3514
142,554368,1,536173,22843294,1.0,4.0,0.0,-1.1159299999999999,-162.10399999999998,32.184,-42.8728
143,554368,1,558444,13524890,1.0,4.0,0.0,-1.1159299999999999,-162.10399999999998,31.5613,-40.5996
144,554368,1,558444,3303678,1.0,4.0,0.0,-1.1159299999999999,-162.10399999999998,31.5613,-40.5996
145,554368,0,558444,23694748,1.0,,,,,,
146,554368,1,616825,19828503,1.0,4.0,5.0,-1.1159299999999999,-162.10399999999998,20.6198,154.96
147,554368,1,493846,21799235,1.0,4.0,5.0,-1.1159299999999999,-162.10399999999998,24.2605,154.398
148,554368,1,481408,17298910,1.0,4.0,3.0,-1.1159299999999999,-162.10399999999998,-24.6031,-110.411
149,554368,1,594696,5443200,1.0,4.0,0.0,-1.1159299999999999,-162.10399999999998,34.8363,-42.8385
150,554368,1,594696,6349222,1.0,4.0,0.0,-1.1159299999999999,-162.10399999999998,34.8363,-42.8385
151,554368,1,462691,13683622,1.0,4.0,4.0,-1.1159299999999999,-162.10399999999998,3.64592,-161.69299999999998
152,554368,0,462691,3289528,1.0,,,,,,
153,554368,1,462691,5284222,1.0,4.0,4.0,-1.1159299999999999,-162.10399999999998,3.64592,-161.69299999999998
154,554368,0,462691,24727575,1.0,,,,,,
155,554368,1,462691,11109639,1.0,4.0,4.0,-1.1159299999999999,-162.10399999999998,3.64592,-161.69299999999998
156,554368,1,462691,354856,1.0,4.0,4.0,-1.1159299999999999,-162.10399999999998,3.64592,-161.69299999999998
157,554368,1,462691,13942426,1.0,4.0,4.0,-1.1159299999999999,-162.10399999999998,3.64592,-161.69299999999998
158,554368,0,462691,15688124,1.0,,,,,,
159,554368,1,462691,13750526,1.0,4.0,4.0,-1.1159299999999999,-162.10399999999998,3.64592,-161.69299999999998
160,554368,0,631159,21271210,1.0,,,,,,
161,554368,0,631159,23348928,1.0,,,,,,
162,554368,1,468192,9600524,1.0,4.0,3.0,-1.1159299999999999,-162.10399999999998,-24.4295,-112.274
163,554368,1,468192,23431216,1.0,4.0,3.0,-1.1159299999999999,-162.10399999999998,-24.4295,-112.274
164,554368,0,506539,11674571,1.0,,,,,,
165,554368,1,506539,9351049,1.0,4.0,2.0,-1.1159299999999999,-162.10399999999998,-21.5812,88.2038
166,554368,0,506539,2789786,1.0,,,,,,
167,554368,0,564784,23002737,1.0,,,,,,
168,554368,0,564784,19618581,1.0,,,,,,
169,554368,1,564784,21612456,1.0,4.0,1.0,-1.1159299999999999,-162.10399999999998,-27.5653,-12.6296
170,554368,0,564784,10133909,1.0,,,,,,
171,554368,1,521273,8398850,1.0,4.0,3.0,-1.1159299999999999,-162.10399999999998,-25.0561,-110.455
172,554368,1,466429,19146271,1.0,4.0,2.0,-1.1159299999999999,-162.10399999999998,-18.5006,91.8462
173,554368,1,466429,20052031,1.0,4.0,2.0,-1.1159299999999999,-162.10399999999998,-18.5006,91.8462
174,554368,1,466429,30194670,1.0,4.0,2.0,-1.1159299999999999,-162.10399999999998,-18.5006,91.8462
175,554368,1,466429,20079594,1.0,4.0,2.0,-1.1159299999999999,-162.10399999999998,-18.5006,91.8462
176,554368,1,469603,23160968,1.0,4.0,0.0,-1.1159299999999999,-162.10399999999998,30.2618,-39.4854
177,554368,0,469603,23306485,1.0,,,,,,
178,554368,0,583737,6225032,1.0,,,,,,
179,554368,1,583737,14518347,1.0,4.0,0.0,-1.1159299999999999,-162.10399999999998,24.8021,-40.1524
180,554368,0,583737,16170064,1.0,,,,,,
181,556329,0,600971,1944685,1.0,,,,,,
182,556329,1,554368,29985331,1.0,0.0,4.0,29.9415,-37.5082,-1.1159299999999999,-162.10399999999998
183,556329,1,554368,19319228,1.0,0.0,4.0,29.9415,-37.5082,-1.1159299999999999,-162.10399999999998
184,556329,1,462691,24114429,1.0,0.0,4.0,29.9415,-37.5082,3.64592,-161.69299999999998
185,638591,1,600971,6956116,1.0,0.0,0.0,35.0116,-36.4452,37.5294,-41.5884
186,638591,0,564804,22910867,1.0,,,,,,
187,638591,0,564804,31120388,1.0,,,,,,
188,638591,0,559941,16243221,1.0,,,,,,
189,638591,0,470784,22815581,1.0,,,,,,
190,638591,0,554368,2447805,1.0,,,,,,
191,638591,0,554368,2700030,1.0,,,,,,
192,638591,0,554368,4409050,1.0,,,,,,
193,638591,1,554368,5463723,1.0,0.0,4.0,35.0116,-36.4452,-1.1159299999999999,-162.10399999999998
194,638591,0,554368,5624115,1.0,,,,,,
195,638591,0,554368,6250527,1.0,,,,,,
196,638591,1,554368,6410880,1.0,0.0,4.0,35.0116,-36.4452,-1.1159299999999999,-162.10399999999998
197,638591,0,554368,9294314,1.0,,,,,,
198,638591,1,554368,10395318,1.0,0.0,4.0,35.0116,-36.4452,-1.1159299999999999,-162.10399999999998
199,638591,1,554368,11103691,1.0,0.0,4.0,35.0116,-36.4452,-1.1159299999999999,-162.10399999999998
200,638591,0,554368,11970917,1.0,,,,,,
201,638591,1,554368,14952903,1.0,0.0,4.0,35.0116,-36.4452,-1.1159299999999999,-162.10399999999998
202,638591,0,554368,17122333,1.0,,,,,,
203,638591,1,554368,21555412,1.0,0.0,4.0,35.0116,-36.4452,-1.1159299999999999,-162.10399999999998
204,638591,0,554368,23160776,1.0,,,,,,
205,638591,0,554368,24089782,1.0,,,,,,
206,638591,1,554368,26450895,1.0,0.0,4.0,35.0116,-36.4452,-1.1159299999999999,-162.10399999999998
207,638591,1,554368,26850250,1.0,0.0,4.0,35.0116,-36.4452,-1.1159299999999999,-162.10399999999998
208,638591,1,527214,30339400,1.0,0.0,5.0,35.0116,-36.4452,25.1251,154.082
209,638591,1,631490,7292917,1.0,0.0,5.0,35.0116,-36.4452,22.5078,154.299
210,638591,0,533691,16529714,1.0,,,,,,
211,638591,0,533691,17977925,1.0,,,,,,
212,638591,0,533691,27801740,1.0,,,,,,
213,638591,1,533691,10284903,1.0,0.0,0.0,35.0116,-36.4452,31.0955,-40.3514
214,638591,1,558444,31134437,1.0,0.0,0.0,35.0116,-36.4452,31.5613,-40.5996
215,638591,1,591024,20432542,1.0,0.0,0.0,35.0116,-36.4452,25.4659,-42.1698
216,638591,1,462691,8308848,1.0,0.0,4.0,35.0116,-36.4452,3.64592,-161.69299999999998
217,638591,0,462691,9690101,1.0,,,,,,
218,638591,0,462691,14466659,1.0,,,,,,
219,638591,1,462691,20575252,1.0,0.0,4.0,35.0116,-36.4452,3.64592,-161.69299999999998
220,638591,0,462691,21713460,1.0,,,,,,
221,638591,1,462691,27835651,1.0,0.0,4.0,35.0116,-36.4452,3.64592,-161.69299999999998
222,638591,1,631159,23012818,1.0,0.0,0.0,35.0116,-36.4452,34.4707,-40.9208
223,638591,1,631159,23474424,1.0,0.0,0.0,35.0116,-36.4452,34.4707,-40.9208
224,638591,1,631159,30587929,1.0,0.0,0.0,35.0116,-36.4452,34.4707,-40.9208
225,638591,0,631159,23257212,1.0,,,,,,
226,638591,0,605385,1478210,1.0,,,,,,
227,638591,1,605385,12289350,1.0,0.0,2.0,35.0116,-36.4452,-19.7156,89.99600000000001
228,638591,0,605385,22430658,1.0,,,,,,
229,638591,0,621178,6343927,1.0,,,,,,
230,638591,0,621178,10465788,1.0,,,,,,
231,638591,0,506539,13491611,1.0,,,,,,
232,638591,1,564784,5389585,1.0,0.0,1.0,35.0116,-36.4452,-27.5653,-12.6296
233,638591,0,564784,23267529,1.0,,,,,,
234,638591,1,564784,5356861,1.0,0.0,1.0,35.0116,-36.4452,-27.5653,-12.6296
235,638591,0,583737,16179919,1.0,,,,,,
236,477333,1,600971,26488569,1.0,0.0,0.0,34.9603,-40.891999999999996,37.5294,-41.5884
237,477333,0,470784,19186781,1.0,,,,,,
238,477333,1,554368,19959118,1.0,0.0,4.0,34.9603,-40.891999999999996,-1.1159299999999999,-162.10399999999998
239,477333,1,554368,19854246,1.0,0.0,4.0,34.9603,-40.891999999999996,-1.1159299999999999,-162.10399999999998
240,477333,0,631159,18846446,1.0,,,,,,
241,477333,1,506539,22217423,1.0,0.0,2.0,34.9603,-40.891999999999996,-21.5812,88.2038
242,477333,0,583737,7786127,1.0,,,,,,
243,547483,1,600971,371574,1.0,0.0,0.0,30.0818,-40.8486,37.5294,-41.5884
244,547483,0,554368,5303094,1.0,,,,,,
245,547483,0,533691,6487248,1.0,,,,,,
246,547483,0,532462,8065490,1.0,,,,,,
247,630700,0,600971,1383652,1.0,,,,,,
248,584511,1,600971,24897767,1.0,0.0,0.0,28.0193,-40.4917,37.5294,-41.5884
249,584511,1,554368,7701123,1.0,0.0,4.0,28.0193,-40.4917,-1.1159299999999999,-162.10399999999998
250,584511,0,554368,567633,1.0,,,,,,
251,527214,0,600971,1846086,1.0,,,,,,
252,571938,1,600971,2432433,1.0,4.0,0.0,3.8435300000000003,-161.007,37.5294,-41.5884
253,571938,1,462691,1589041,1.0,4.0,4.0,3.8435300000000003,-161.007,3.64592,-161.69299999999998
254,631490,1,600971,22309217,1.0,5.0,0.0,22.5078,154.299,37.5294,-41.5884
255,631490,0,554368,23069529,1.0,,,,,,
256,631490,1,554368,7469760,1.0,5.0,4.0,22.5078,154.299,-1.1159299999999999,-162.10399999999998
257,631490,1,462691,4600865,1.0,5.0,4.0,22.5078,154.299,3.64592,-161.69299999999998
258,533691,1,600971,3040404,1.0,0.0,0.0,31.0955,-40.3514,37.5294,-41.5884
259,533691,0,626174,3458108,1.0,,,,,,
260,533691,1,554368,26099831,1.0,0.0,4.0,31.0955,-40.3514,-1.1159299999999999,-162.10399999999998
261,533691,0,554368,21604514,1.0,,,,,,
262,533691,1,554368,6775090,1.0,0.0,4.0,31.0955,-40.3514,-1.1159299999999999,-162.10399999999998
263,533691,0,554368,28014653,1.0,,,,,,
264,533691,1,554368,2434801,1.0,0.0,4.0,31.0955,-40.3514,-1.1159299999999999,-162.10399999999998
265,533691,1,477333,1854772,1.0,0.0,0.0,31.0955,-40.3514,34.9603,-40.891999999999996
266,533691,1,547483,29669536,1.0,0.0,0.0,31.0955,-40.3514,30.0818,-40.8486
267,533691,1,558444,19030331,1.0,0.0,0.0,31.0955,-40.3514,31.5613,-40.5996
268,533691,1,558444,18962756,1.0,0.0,0.0,31.0955,-40.3514,31.5613,-40.5996
269,533691,0,462691,18158450,1.0,,,,,,
270,533691,0,631159,1738845,1.0,,,,,,
271,533691,1,466429,6663284,1.0,0.0,2.0,31.0955,-40.3514,-18.5006,91.8462
272,533691,1,583737,23344565,1.0,0.0,0.0,31.0955,-40.3514,24.8021,-40.1524
273,536173,1,600971,3746412,1.0,0.0,0.0,32.184,-42.8728,37.5294,-41.5884
274,536173,1,554368,23010486,1.0,0.0,4.0,32.184,-42.8728,-1.1159299999999999,-162.10399999999998
275,536173,1,638591,23682270,1.0,0.0,0.0,32.184,-42.8728,35.0116,-36.4452
276,536173,1,638591,27849868,1.0,0.0,0.0,32.184,-42.8728,35.0116,-36.4452
277,536173,1,533691,11808418,1.0,0.0,0.0,32.184,-42.8728,31.0955,-40.3514
278,575811,1,600971,23433142,1.0,1.0,0.0,-26.4844,-11.2493,37.5294,-41.5884
279,575811,1,638591,5633253,1.0,1.0,0.0,-26.4844,-11.2493,35.0116,-36.4452
280,575811,0,506539,8245006,1.0,,,,,,
281,575811,0,469603,10956021,1.0,,,,,,
282,558444,1,600971,6055061,1.0,0.0,0.0,31.5613,-40.5996,37.5294,-41.5884
283,558444,1,554368,17221956,1.0,0.0,4.0,31.5613,-40.5996,-1.1159299999999999,-162.10399999999998
284,558444,0,554368,30513067,1.0,,,,,,
285,558444,1,638591,25160060,1.0,0.0,0.0,31.5613,-40.5996,35.0116,-36.4452
286,558444,0,533691,28433739,1.0,,,,,,
287,558444,1,490882,5271647,1.0,0.0,2.0,31.5613,-40.5996,-23.3022,92.1876
288,616825,1,600971,17688056,1.0,5.0,0.0,20.6198,154.96,37.5294,-41.5884
289,616825,1,533691,28280896,1.0,5.0,0.0,20.6198,154.96,31.0955,-40.3514
290,616825,1,533691,28347089,1.0,5.0,0.0,20.6198,154.96,31.0955,-40.3514
291,616825,1,466429,12187461,1.0,5.0,2.0,20.6198,154.96,-18.5006,91.8462
292,490882,1,600971,9017120,1.0,2.0,0.0,-23.3022,92.1876,37.5294,-41.5884
293,490882,1,564804,12508406,1.0,2.0,1.0,-23.3022,92.1876,-30.8487,-12.8853
294,490882,1,529765,15741349,1.0,2.0,3.0,-23.3022,92.1876,-24.9399,-110.911
295,490882,1,554368,7106415,1.0,2.0,4.0,-23.3022,92.1876,-1.1159299999999999,-162.10399999999998
296,490882,1,554368,10467764,1.0,2.0,4.0,-23.3022,92.1876,-1.1159299999999999,-162.10399999999998
297,490882,0,554368,14539209,1.0,,,,,,
298,490882,1,554368,28904641,1.0,2.0,4.0,-23.3022,92.1876,-1.1159299999999999,-162.10399999999998
299,490882,1,554368,29006497,1.0,2.0,4.0,-23.3022,92.1876,-1.1159299999999999,-162.10399999999998
300,490882,0,481408,20995239,1.0,,,,,,
301,490882,0,462691,520824,1.0,,,,,,
302,591024,1,600971,9266667,1.0,0.0,0.0,25.4659,-42.1698,37.5294,-41.5884
303,591024,1,554368,30672033,1.0,0.0,4.0,25.4659,-42.1698,-1.1159299999999999,-162.10399999999998
304,591024,0,556329,9977075,1.0,,,,,,
305,591024,0,533691,575153,1.0,,,,,,
306,591024,0,558444,12630005,1.0,,,,,,
307,591024,1,462691,25056016,1.0,0.0,4.0,25.4659,-42.1698,3.64592,-161.69299999999998
308,495487,0,600971,30095307,1.0,,,,,,
309,495487,1,462691,30934305,1.0,1.0,4.0,-32.3914,-16.549,3.64592,-161.69299999999998
310,495487,1,462691,30863560,1.0,1.0,4.0,-32.3914,-16.549,3.64592,-161.69299999999998
311,495487,0,466429,8643407,1.0,,,,,,
312,495487,1,469603,22219239,1.0,1.0,0.0,-32.3914,-16.549,30.2618,-39.4854
313,493846,1,600971,10300938,1.0,5.0,0.0,24.2605,154.398,37.5294,-41.5884
314,481408,0,600971,21168434,1.0,,,,,,
315,481408,1,559941,13141498,1.0,3.0,3.0,-24.6031,-110.411,-24.7918,-110.51100000000001
316,481408,1,559941,24768545,1.0,3.0,3.0,-24.6031,-110.411,-24.7918,-110.51100000000001
317,481408,1,554368,18923448,1.0,3.0,4.0,-24.6031,-110.411,-1.1159299999999999,-162.10399999999998
318,481408,1,554368,523209,1.0,3.0,4.0,-24.6031,-110.411,-1.1159299999999999,-162.10399999999998
319,481408,1,631159,16675217,1.0,3.0,0.0,-24.6031,-110.411,34.4707,-40.9208
320,481408,1,564784,14204298,1.0,3.0,1.0,-24.6031,-110.411,-27.5653,-12.6296
321,594696,1,600971,26885271,1.0,0.0,0.0,34.8363,-42.8385,37.5294,-41.5884
322,594696,0,564804,2795051,1.0,,,,,,
323,594696,0,554368,9694463,1.0,,,,,,
324,594696,0,554368,15824436,1.0,,,,,,
325,594696,1,554368,16268663,1.0,0.0,4.0,34.8363,-42.8385,-1.1159299999999999,-162.10399999999998
326,594696,1,554368,17294736,1.0,0.0,4.0,34.8363,-42.8385,-1.1159299999999999,-162.10399999999998
327,594696,0,554368,18675373,1.0,,,,,,
328,594696,0,554368,23857771,1.0,,,,,,
329,594696,1,554368,26097532,1.0,0.0,4.0,34.8363,-42.8385,-1.1159299999999999,-162.10399999999998
330,594696,0,554368,29640045,1.0,,,,,,
331,594696,1,638591,12972521,1.0,0.0,0.0,34.8363,-42.8385,35.0116,-36.4452
332,594696,0,495487,2606899,1.0,,,,,,
333,594696,0,462691,5362591,1.0,,,,,,
334,594696,1,462691,7023496,1.0,0.0,4.0,34.8363,-42.8385,3.64592,-161.69299999999998
335,594696,1,462691,16687081,1.0,0.0,4.0,34.8363,-42.8385,3.64592,-161.69299999999998
336,594696,0,605385,24146697,1.0,,,,,,
337,462691,0,600971,12042680,1.0,,,,,,
338,462691,0,564804,1188050,1.0,,,,,,
339,462691,1,626174,11855173,1.0,4.0,5.0,3.64592,-161.69299999999998,22.9325,151.105
340,462691,1,626174,21357238,1.0,4.0,5.0,3.64592,-161.69299999999998,22.9325,151.105
341,462691,1,529765,18064331,1.0,4.0,3.0,3.64592,-161.69299999999998,-24.9399,-110.911
342,462691,1,470784,10550932,1.0,4.0,0.0,3.64592,-161.69299999999998,29.5837,-41.4059
343,462691,1,554368,16942232,1.0,4.0,4.0,3.64592,-161.69299999999998,-1.1159299999999999,-162.10399999999998
344,462691,1,554368,26107258,1.0,4.0,4.0,3.64592,-161.69299999999998,-1.1159299999999999,-162.10399999999998
345,462691,1,554368,18061383,1.0,4.0,4.0,3.64592,-161.69299999999998,-1.1159299999999999,-162.10399999999998
346,462691,0,554368,3547491,1.0,,,,,,
347,462691,0,554368,26821808,1.0,,,,,,
348,462691,0,554368,20563801,1.0,,,,,,
349,462691,1,554368,22035799,1.0,4.0,4.0,3.64592,-161.69299999999998,-1.1159299999999999,-162.10399999999998
350,462691,0,554368,16453479,1.0,,,,,,
351,462691,0,554368,16374030,1.0,,,,,,
352,462691,1,554368,24144530,1.0,4.0,4.0,3.64592,-161.69299999999998,-1.1159299999999999,-162.10399999999998
353,462691,0,554368,23341807,1.0,,,,,,
354,462691,0,638591,3493468,1.0,,,,,,
355,462691,0,638591,7211012,1.0,,,,,,
356,462691,1,638591,20072880,1.0,4.0,0.0,3.64592,-161.69299999999998,35.0116,-36.4452
357,462691,1,638591,22071649,1.0,4.0,0.0,3.64592,-161.69299999999998,35.0116,-36.4452
358,462691,1,638591,28144304,1.0,4.0,0.0,3.64592,-161.69299999999998,35.0116,-36.4452
359,462691,1,547483,3210617,1.0,4.0,0.0,3.64592,-161.69299999999998,30.0818,-40.8486
360,462691,0,584511,10541595,1.0,,,,,,
361,462691,1,558444,30451779,1.0,4.0,0.0,3.64592,-161.69299999999998,31.5613,-40.5996
362,462691,0,493846,15038670,1.0,,,,,,
363,462691,1,493846,23344394,1.0,4.0,5.0,3.64592,-161.69299999999998,24.2605,154.398
364,462691,0,481408,9615528,1.0,,,,,,
365,462691,1,594696,28534737,1.0,4.0,0.0,3.64592,-161.69299999999998,34.8363,-42.8385
366,462691,0,462691,30252756,1.0,,,,,,
367,462691,0,462691,31363235,1.0,,,,,,
368,462691,1,462691,6226692,1.0,4.0,4.0,3.64592,-161.69299999999998,3.64592,-161.69299999999998
369,462691,1,462691,22756725,1.0,4.0,4.0,3.64592,-161.69299999999998,3.64592,-161.69299999999998
370,462691,1,631159,19704440,1.0,4.0,0.0,3.64592,-161.69299999999998,34.4707,-40.9208
371,462691,1,631159,26654885,1.0,4.0,0.0,3.64592,-161.69299999999998,34.4707,-40.9208
372,462691,1,631159,17898718,1.0,4.0,0.0,3.64592,-161.69299999999998,34.4707,-40.9208
373,462691,0,631159,23606666,1.0,,,,,,
374,462691,1,564784,6748570,1.0,4.0,1.0,3.64592,-161.69299999999998,-27.5653,-12.6296
375,462691,0,466429,4108681,1.0,,,,,,
376,462691,0,469603,8214751,1.0,,,,,,
377,462691,1,583737,783619,1.0,4.0,0.0,3.64592,-161.69299999999998,24.8021,-40.1524
378,462691,1,583737,2607906,1.0,4.0,0.0,3.64592,-161.69299999999998,24.8021,-40.1524
379,462691,1,583737,20908827,1.0,4.0,0.0,3.64592,-161.69299999999998,24.8021,-40.1524
380,462691,0,583737,13067577,1.0,,,,,,
381,631159,1,600971,12798295,1.0,0.0,0.0,34.4707,-40.9208,37.5294,-41.5884
382,631159,1,564804,1218251,1.0,0.0,1.0,34.4707,-40.9208,-30.8487,-12.8853
383,631159,0,542731,31499289,1.0,,,,,,
384,631159,0,554368,29645361,1.0,,,,,,
385,631159,1,554368,19527405,1.0,0.0,4.0,34.4707,-40.9208,-1.1159299999999999,-162.10399999999998
386,631159,1,554368,2435438,1.0,0.0,4.0,34.4707,-40.9208,-1.1159299999999999,-162.10399999999998
387,631159,0,554368,6396486,1.0,,,,,,
388,631159,1,638591,5315654,1.0,0.0,0.0,34.4707,-40.9208,35.0116,-36.4452
389,631159,0,638591,26797320,1.0,,,,,,
390,631159,1,638591,27316728,1.0,0.0,0.0,34.4707,-40.9208,35.0116,-36.4452
391,631159,1,571938,28533052,1.0,0.0,4.0,34.4707,-40.9208,3.8435300000000003,-161.007
392,631159,1,533691,30768577,1.0,0.0,0.0,34.4707,-40.9208,31.0955,-40.3514
393,631159,1,594696,5623224,1.0,0.0,0.0,34.4707,-40.9208,34.8363,-42.8385
394,631159,1,462691,20364485,1.0,0.0,4.0,34.4707,-40.9208,3.64592,-161.69299999999998
395,631159,0,605385,24241723,1.0,,,,,,
396,631159,1,605385,19828532,1.0,0.0,2.0,34.4707,-40.9208,-19.7156,89.99600000000001
397,631159,0,532462,5978748,1.0,,,,,,
398,631159,1,532462,15299334,1.0,0.0,0.0,34.4707,-40.9208,31.2013,-44.6132
399,468192,0,600971,22305626,1.0,,,,,,
400,468192,1,626174,4520905,1.0,3.0,5.0,-24.4295,-112.274,22.9325,151.105
401,468192,0,554368,13048452,1.0,,,,,,
402,468192,1,554368,3811904,1.0,3.0,4.0,-24.4295,-112.274,-1.1159299999999999,-162.10399999999998
403,468192,0,462691,18253545,1.0,,,,,,
404,468192,1,564784,10735053,1.0,3.0,1.0,-24.4295,-112.274,-27.5653,-12.6296
405,605385,1,600971,31153961,1.0,2.0,0.0,-19.7156,89.99600000000001,37.5294,-41.5884
406,605385,1,554368,8901002,1.0,2.0,4.0,-19.7156,89.99600000000001,-1.1159299999999999,-162.10399999999998
407,605385,1,554368,8474637,1.0,2.0,4.0,-19.7156,89.99600000000001,-1.1159299999999999,-162.10399999999998
408,605385,1,554368,30251526,1.0,2.0,4.0,-19.7156,89.99600000000001,-1.1159299999999999,-162.10399999999998
409,605385,1,533691,26450110,1.0,2.0,0.0,-19.7156,89.99600000000001,31.0955,-40.3514
410,605385,1,558444,18581334,1.0,2.0,0.0,-19.7156,89.99600000000001,31.5613,-40.5996
411,605385,1,462691,20060117,1.0,2.0,4.0,-19.7156,89.99600000000001,3.64592,-161.69299999999998
412,605385,1,466429,12553227,1.0,2.0,2.0,-19.7156,89.99600000000001,-18.5006,91.8462
413,605385,1,469603,28600839,1.0,2.0,0.0,-19.7156,89.99600000000001,30.2618,-39.4854
414,605385,1,469603,2339070,1.0,2.0,0.0,-19.7156,89.99600000000001,30.2618,-39.4854
415,621178,0,600971,27053775,1.0,,,,,,
416,621178,0,470784,28519960,1.0,,,,,,
417,506539,1,600971,31230306,1.0,2.0,0.0,-21.5812,88.2038,37.5294,-41.5884
418,506539,1,600971,31291049,1.0,2.0,0.0,-21.5812,88.2038,37.5294,-41.5884
419,506539,1,564804,17539243,1.0,2.0,1.0,-21.5812,88.2038,-30.8487,-12.8853
420,506539,1,554368,268562,1.0,2.0,4.0,-21.5812,88.2038,-1.1159299999999999,-162.10399999999998
421,506539,1,554368,16694433,1.0,2.0,4.0,-21.5812,88.2038,-1.1159299999999999,-162.10399999999998
422,506539,0,638591,23615729,1.0,,,,,,
423,506539,0,477333,15601039,1.0,,,,,,
424,506539,1,462691,16175308,1.0,2.0,4.0,-21.5812,88.2038,3.64592,-161.69299999999998
425,506539,1,621178,22506939,1.0,2.0,4.0,-21.5812,88.2038,4.1898599999999995,-161.999
426,506539,0,532462,17539249,1.0,,,,,,
427,564784,1,600971,28340655,1.0,1.0,0.0,-27.5653,-12.6296,37.5294,-41.5884
428,564784,0,564804,31383391,1.0,,,,,,
429,564784,1,626174,4071761,1.0,1.0,5.0,-27.5653,-12.6296,22.9325,151.105
430,564784,0,554368,24109928,1.0,,,,,,
431,564784,1,638591,8762310,1.0,1.0,0.0,-27.5653,-12.6296,35.0116,-36.4452
432,564784,1,462691,3811801,1.0,1.0,4.0,-27.5653,-12.6296,3.64592,-161.69299999999998
433,564784,1,583737,19623898,1.0,1.0,0.0,-27.5653,-12.6296,24.8021,-40.1524
434,564784,1,583737,22653139,1.0,1.0,0.0,-27.5653,-12.6296,24.8021,-40.1524
435,521273,1,600971,16351452,1.0,3.0,0.0,-25.0561,-110.455,37.5294,-41.5884
436,521273,1,554368,22061813,1.0,3.0,4.0,-25.0561,-110.455,-1.1159299999999999,-162.10399999999998
437,521273,1,554368,21934424,1.0,3.0,4.0,-25.0561,-110.455,-1.1159299999999999,-162.10399999999998
438,521273,1,533691,21021136,1.0,3.0,0.0,-25.0561,-110.455,31.0955,-40.3514
439,529018,1,600971,21033045,1.0,5.0,0.0,20.4478,158.524,37.5294,-41.5884
440,529018,0,564804,1816854,1.0,,,,,,
441,529018,1,554368,28346223,1.0,5.0,4.0,20.4478,158.524,-1.1159299999999999,-162.10399999999998
442,529018,0,547483,18233285,1.0,,,,,,
443,529018,1,547483,17631957,1.0,5.0,0.0,20.4478,158.524,30.0818,-40.8486
444,466429,1,600971,21796763,1.0,2.0,0.0,-18.5006,91.8462,37.5294,-41.5884
445,466429,1,564804,11633482,1.0,2.0,1.0,-18.5006,91.8462,-30.8487,-12.8853
446,466429,1,564804,23612455,1.0,2.0,1.0,-18.5006,91.8462,-30.8487,-12.8853
447,466429,0,626174,22077602,1.0,,,,,,
448,466429,1,554368,16147734,1.0,2.0,4.0,-18.5006,91.8462,-1.1159299999999999,-162.10399999999998
449,466429,0,554368,17757954,1.0,,,,,,
450,466429,0,554368,31465833,1.0,,,,,,
451,466429,0,554368,20240273,1.0,,,,,,
452,466429,1,554368,29126186,1.0,2.0,4.0,-18.5006,91.8462,-1.1159299999999999,-162.10399999999998
453,466429,0,481408,5449711,1.0,,,,,,
454,466429,0,605385,1039361,1.0,,,,,,
455,466429,0,605385,10973711,1.0,,,,,,
456,469603,1,600971,30778915,1.0,0.0,0.0,30.2618,-39.4854,37.5294,-41.5884
457,469603,1,626174,5546773,1.0,0.0,5.0,30.2618,-39.4854,22.9325,151.105
458,469603,1,554368,5994025,1.0,0.0,4.0,30.2618,-39.4854,-1.1159299999999999,-162.10399999999998
459,469603,1,631159,20736847,1.0,0.0,0.0,30.2618,-39.4854,34.4707,-40.9208
460,469603,1,583737,28352405,1.0,0.0,0.0,30.2618,-39.4854,24.8021,-40.1524
461,469603,1,583737,30084390,1.0,0.0,0.0,30.2618,-39.4854,24.8021,-40.1524
462,469603,1,583737,28423939,1.0,0.0,0.0,30.2618,-39.4854,24.8021,-40.1524
463,532462,1,600971,27919136,1.0,0.0,0.0,31.2013,-44.6132,37.5294,-41.5884
464,532462,0,564804,16245362,1.0,,,,,,
465,532462,1,564804,7521931,1.0,0.0,1.0,31.2013,-44.6132,-30.8487,-12.8853
466,532462,1,626174,13840784,1.0,0.0,5.0,31.2013,-44.6132,22.9325,151.105
467,532462,0,626174,15676037,1.0,,,,,,
468,532462,1,477333,8395924,1.0,0.0,0.0,31.2013,-44.6132,34.9603,-40.891999999999996
469,532462,1,462691,4903315,1.0,0.0,4.0,31.2013,-44.6132,3.64592,-161.69299999999998
470,532462,1,462691,28858726,1.0,0.0,4.0,31.2013,-44.6132,3.64592,-161.69299999999998
471,532462,0,583737,19808321,1.0,,,,,,
472,583737,1,600971,28175228,1.0,0.0,0.0,24.8021,-40.1524,37.5294,-41.5884
473,583737,1,554368,1991042,1.0,0.0,4.0,24.8021,-40.1524,-1.1159299999999999,-162.10399999999998
474,583737,1,554368,3979697,1.0,0.0,4.0,24.8021,-40.1524,-1.1159299999999999,-162.10399999999998
475,583737,1,554368,9781471,1.0,0.0,4.0,24.8021,-40.1524,-1.1159299999999999,-162.10399999999998
476,583737,0,554368,13318129,1.0,,,,,,
477,583737,0,554368,19443822,1.0,,,,,,
478,583737,0,554368,20828741,1.0,,,,,,
479,583737,1,554368,21760785,1.0,0.0,4.0,24.8021,-40.1524,-1.1159299999999999,-162.10399999999998
480,583737,0,554368,23943271,1.0,,,,,,
481,583737,1,554368,24918536,1.0,0.0,4.0,24.8021,-40.1524,-1.1159299999999999,-162.10399999999998
482,583737,0,554368,28280921,1.0,,,,,,
483,583737,1,558444,31224041,1.0,0.0,0.0,24.8021,-40.1524,31.5613,-40.5996
484,583737,1,462691,2337149,1.0,0.0,4.0,24.8021,-40.1524,3.64592,-161.69299999999998
485,583737,1,462691,6334580,1.0,0.0,4.0,24.8021,-40.1524,3.64592,-161.69299999999998
486,583737,0,462691,19916285,1.0,,,,,,
487,583737,0,462691,22469755,1.0,,,,,,
488,583737,0,462691,24994836,1.0,,,,,,
489,583737,1,631159,13484413,1.0,0.0,0.0,24.8021,-40.1524,34.4707,-40.9208
490,583737,1,631159,20223099,1.0,0.0,0.0,24.8021,-40.1524,34.4707,-40.9208
491,583737,0,631159,27365047,1.0,,,,,,
492,583737,0,605385,14095832,1.0,,,,,,
493,583737,1,605385,17919274,1.0,0.0,2.0,24.8021,-40.1524,-19.7156,89.99600000000001
494,583737,1,605385,17783110,1.0,0.0,2.0,24.8021,-40.1524,-19.7156,89.99600000000001
495,583737,0,506539,853550,1.0,,,,,,
496,583737,1,506539,13055672,1.0,0.0,2.0,24.8021,-40.1524,-21.5812,88.2038
497,583737,1,506539,13146985,1.0,0.0,2.0,24.8021,-40.1524,-21.5812,88.2038
