row,Source,eType,Target,Time,Weight,SourceLocation,NodeType
0,600971,1,564804,26560681,1.0,0.0,1
1,600971,0,626174,8391058,1.0,,1
2,600971,1,470784,21610929,1.0,0.0,1
3,600971,1,554368,12358995,1.0,0.0,1
4,600971,1,554368,5817846,1.0,0.0,1
5,600971,1,554368,12627610,1.0,0.0,1
6,600971,1,638591,18749952,1.0,0.0,1
7,600971,0,477333,6341410,1.0,,1
8,600971,0,533691,18163469,1.0,,1
9,600971,0,558444,20407205,1.0,,1
10,600971,1,490882,7454939,1.0,0.0,1
11,600971,1,594696,11681154,1.0,0.0,1
12,600971,1,462691,29507696,1.0,0.0,1
13,600971,0,631159,4950767,1.0,,1
14,600971,0,605385,13855995,1.0,,1
15,600971,1,506539,14342764,1.0,0.0,1
16,600971,0,564784,15060171,1.0,,1
17,600971,1,466429,22336326,1.0,0.0,1
18,600971,1,532462,28436049,1.0,0.0,1
19,600971,0,583737,30594852,1.0,,1
20,564804,1,600971,22053433,1.0,1.0,1
21,564804,1,600971,22060372,1.0,1.0,1
22,564804,1,554368,13754425,1.0,1.0,1
23,564804,1,554368,13912452,1.0,1.0,1
24,564804,0,631159,12096922,1.0,,1
25,564804,1,583737,31158776,1.0,1.0,1
26,626174,1,600971,24546297,1.0,5.0,1
27,626174,0,554368,1226894,1.0,,1
28,626174,0,554368,21434447,1.0,,1
29,626174,1,554368,26326050,1.0,5.0,1
30,626174,0,554368,19475292,1.0,,1
31,626174,0,638591,11256514,1.0,,1
32,626174,1,533691,28446845,1.0,5.0,1
33,626174,1,533691,28225872,1.0,5.0,1
34,626174,0,462691,29496054,1.0,,1
35,626174,0,631159,21605492,1.0,,1
36,626174,1,506539,15534024,1.0,5.0,1
37,626174,0,583737,16676667,1.0,,1
38,470784,1,600971,23011210,1.0,0.0,1
39,470784,1,554368,7812765,1.0,0.0,1
40,470784,0,554368,8832968,1.0,,1
41,470784,0,554368,15274489,1.0,,1
42,470784,1,554368,16244361,1.0,0.0,1
43,470784,0,554368,24151714,1.0,,1
44,470784,0,462691,3812111,1.0,,1
45,470784,0,506539,5445843,1.0,,1
46,554368,1,600971,13654133,1.0,4.0,1
47,554368,1,600971,16763298,1.0,4.0,1
48,554368,0,564804,19819806,1.0,,1
49,554368,1,564804,1668259,1.0,4.0,1
50,554368,1,564804,13404243,1.0,4.0,1
51,554368,0,626174,22677363,1.0,,1
52,554368,1,626174,24815977,1.0,4.0,1
53,554368,0,626174,25008646,1.0,,1
54,554368,1,470784,3039621,1.0,4.0,1
55,554368,1,638591,1759813,1.0,4.0,1
56,554368,1,638591,8667403,1.0,4.0,1
57,554368,1,638591,13374050,1.0,4.0,1
58,554368,1,638591,28089127,1.0,4.0,1
59,554368,0,638591,30437309,1.0,,1
60,554368,0,477333,1497198,1.0,,1
61,554368,0,533691,20307809,1.0,,1
62,554368,0,533691,322808,1.0,,1
63,554368,1,533691,18304962,1.0,4.0,1
64,554368,0,533691,6095717,1.0,,1
65,554368,1,533691,14039667,1.0,4.0,1
66,554368,1,533691,18391505,1.0,4.0,1
67,554368,1,558444,13524890,1.0,4.0,1
68,554368,1,558444,3303678,1.0,4.0,1
69,554368,0,558444,23694748,1.0,,1
70,554368,1,594696,5443200,1.0,4.0,1
71,554368,1,594696,6349222,1.0,4.0,1
72,554368,1,462691,13683622,1.0,4.0,1
73,554368,0,462691,3289528,1.0,,1
74,554368,1,462691,5284222,1.0,4.0,1
75,554368,0,462691,24727575,1.0,,1
76,554368,1,462691,11109639,1.0,4.0,1
77,554368,1,462691,354856,1.0,4.0,1
78,554368,1,462691,13942426,1.0,4.0,1
79,554368,0,462691,15688124,1.0,,1
80,554368,1,462691,13750526,1.0,4.0,1
81,554368,0,631159,21271210,1.0,,1
82,554368,0,631159,23348928,1.0,,1
83,554368,0,506539,11674571,1.0,,1
84,554368,1,506539,9351049,1.0,4.0,1
85,554368,0,506539,2789786,1.0,,1
86,554368,0,564784,23002737,1.0,,1
87,554368,0,564784,19618581,1.0,,1
88,554368,1,564784,21612456,1.0,4.0,1
89,554368,0,564784,10133909,1.0,,1
90,554368,1,466429,19146271,1.0,4.0,1
91,554368,1,466429,20052031,1.0,4.0,1
92,554368,1,466429,30194670,1.0,4.0,1
93,554368,1,466429,20079594,1.0,4.0,1
94,554368,0,583737,6225032,1.0,,1
95,554368,1,583737,14518347,1.0,4.0,1
96,554368,0,583737,16170064,1.0,,1
97,638591,1,600971,6956116,1.0,0.0,1
98,638591,0,564804,22910867,1.0,,1
99,638591,0,564804,31120388,1.0,,1
100,638591,0,470784,22815581,1.0,,1
101,638591,0,554368,2447805,1.0,,1
102,638591,0,554368,2700030,1.0,,1
103,638591,0,554368,4409050,1.0,,1
104,638591,1,554368,5463723,1.0,0.0,1
105,638591,0,554368,5624115,1.0,,1
106,638591,0,554368,6250527,1.0,,1
107,638591,1,554368,6410880,1.0,0.0,1
108,638591,0,554368,9294314,1.0,,1
109,638591,1,554368,10395318,1.0,0.0,1
110,638591,1,554368,11103691,1.0,0.0,1
111,638591,0,554368,11970917,1.0,,1
112,638591,1,554368,14952903,1.0,0.0,1
113,638591,0,554368,17122333,1.0,,1
114,638591,1,554368,21555412,1.0,0.0,1
115,638591,0,554368,23160776,1.0,,1
116,638591,0,554368,24089782,1.0,,1
117,638591,1,554368,26450895,1.0,0.0,1
118,638591,1,554368,26850250,1.0,0.0,1
119,638591,0,533691,16529714,1.0,,1
120,638591,0,533691,17977925,1.0,,1
121,638591,0,533691,27801740,1.0,,1
122,638591,1,533691,10284903,1.0,0.0,1
123,638591,1,558444,31134437,1.0,0.0,1
124,638591,1,462691,8308848,1.0,0.0,1
125,638591,0,462691,9690101,1.0,,1
126,638591,0,462691,14466659,1.0,,1
127,638591,1,462691,20575252,1.0,0.0,1
128,638591,0,462691,21713460,1.0,,1
129,638591,1,462691,27835651,1.0,0.0,1
130,638591,1,631159,23012818,1.0,0.0,1
131,638591,1,631159,23474424,1.0,0.0,1
132,638591,1,631159,30587929,1.0,0.0,1
133,638591,0,631159,23257212,1.0,,1
134,638591,0,605385,1478210,1.0,,1
135,638591,1,605385,12289350,1.0,0.0,1
136,638591,0,605385,22430658,1.0,,1
137,638591,0,506539,13491611,1.0,,1
138,638591,1,564784,5389585,1.0,0.0,1
139,638591,0,564784,23267529,1.0,,1
140,638591,1,564784,5356861,1.0,0.0,1
141,638591,0,583737,16179919,1.0,,1
142,477333,1,600971,26488569,1.0,0.0,1
143,477333,0,470784,19186781,1.0,,1
144,477333,1,554368,19959118,1.0,0.0,1
145,477333,1,554368,19854246,1.0,0.0,1
146,477333,0,631159,18846446,1.0,,1
147,477333,1,506539,22217423,1.0,0.0,1
148,477333,0,583737,7786127,1.0,,1
149,533691,1,600971,3040404,1.0,0.0,1
150,533691,0,626174,3458108,1.0,,1
151,533691,1,554368,26099831,1.0,0.0,1
152,533691,0,554368,21604514,1.0,,1
153,533691,1,554368,6775090,1.0,0.0,1
154,533691,0,554368,28014653,1.0,,1
155,533691,1,554368,2434801,1.0,0.0,1
156,533691,1,477333,1854772,1.0,0.0,1
157,533691,1,558444,19030331,1.0,0.0,1
158,533691,1,558444,18962756,1.0,0.0,1
159,533691,0,462691,18158450,1.0,,1
160,533691,0,631159,1738845,1.0,,1
161,533691,1,466429,6663284,1.0,0.0,1
162,533691,1,583737,23344565,1.0,0.0,1
163,558444,1,600971,6055061,1.0,0.0,1
164,558444,1,554368,17221956,1.0,0.0,1
165,558444,0,554368,30513067,1.0,,1
166,558444,1,638591,25160060,1.0,0.0,1
167,558444,0,533691,28433739,1.0,,1
168,558444,1,490882,5271647,1.0,0.0,1
169,490882,1,600971,9017120,1.0,2.0,1
170,490882,1,564804,12508406,1.0,2.0,1
171,490882,1,554368,7106415,1.0,2.0,1
172,490882,1,554368,10467764,1.0,2.0,1
173,490882,0,554368,14539209,1.0,,1
174,490882,1,554368,28904641,1.0,2.0,1
175,490882,1,554368,29006497,1.0,2.0,1
176,490882,0,462691,520824,1.0,,1
177,594696,1,600971,26885271,1.0,0.0,1
178,594696,0,564804,2795051,1.0,,1
179,594696,0,554368,9694463,1.0,,1
180,594696,0,554368,15824436,1.0,,1
181,594696,1,554368,16268663,1.0,0.0,1
182,594696,1,554368,17294736,1.0,0.0,1
183,594696,0,554368,18675373,1.0,,1
184,594696,0,554368,23857771,1.0,,1
185,594696,1,554368,26097532,1.0,0.0,1
186,594696,0,554368,29640045,1.0,,1
187,594696,1,638591,12972521,1.0,0.0,1
188,594696,0,462691,5362591,1.0,,1
189,594696,1,462691,7023496,1.0,0.0,1
190,594696,1,462691,16687081,1.0,0.0,1
191,594696,0,605385,24146697,1.0,,1
192,462691,0,600971,12042680,1.0,,1
193,462691,0,564804,1188050,1.0,,1
194,462691,1,626174,11855173,1.0,4.0,1
195,462691,1,626174,21357238,1.0,4.0,1
196,462691,1,470784,10550932,1.0,4.0,1
197,462691,1,554368,16942232,1.0,4.0,1
198,462691,1,554368,26107258,1.0,4.0,1
199,462691,1,554368,18061383,1.0,4.0,1
200,462691,0,554368,3547491,1.0,,1
201,462691,0,554368,26821808,1.0,,1
202,462691,0,554368,20563801,1.0,,1
203,462691,1,554368,22035799,1.0,4.0,1
204,462691,0,554368,16453479,1.0,,1
205,462691,0,554368,16374030,1.0,,1
206,462691,1,554368,24144530,1.0,4.0,1
207,462691,0,554368,23341807,1.0,,1
208,462691,0,638591,3493468,1.0,,1
209,462691,0,638591,7211012,1.0,,1
210,462691,1,638591,20072880,1.0,4.0,1
211,462691,1,638591,22071649,1.0,4.0,1
212,462691,1,638591,28144304,1.0,4.0,1
213,462691,1,558444,30451779,1.0,4.0,1
214,462691,1,594696,28534737,1.0,4.0,1
215,462691,1,631159,19704440,1.0,4.0,1
216,462691,1,631159,26654885,1.0,4.0,1
217,462691,1,631159,17898718,1.0,4.0,1
218,462691,0,631159,23606666,1.0,,1
219,462691,1,564784,6748570,1.0,4.0,1
220,462691,0,466429,4108681,1.0,,1
221,462691,1,583737,783619,1.0,4.0,1
222,462691,1,583737,2607906,1.0,4.0,1
223,462691,1,583737,20908827,1.0,4.0,1
224,462691,0,583737,13067577,1.0,,1
225,631159,1,600971,12798295,1.0,0.0,1
226,631159,1,564804,1218251,1.0,0.0,1
227,631159,0,554368,29645361,1.0,,1
228,631159,1,554368,19527405,1.0,0.0,1
229,631159,1,554368,2435438,1.0,0.0,1
230,631159,0,554368,6396486,1.0,,1
231,631159,1,638591,5315654,1.0,0.0,1
232,631159,0,638591,26797320,1.0,,1
233,631159,1,638591,27316728,1.0,0.0,1
234,631159,1,533691,30768577,1.0,0.0,1
235,631159,1,594696,5623224,1.0,0.0,1
236,631159,1,462691,20364485,1.0,0.0,1
237,631159,0,605385,24241723,1.0,,1
238,631159,1,605385,19828532,1.0,0.0,1
239,631159,0,532462,5978748,1.0,,1
240,631159,1,532462,15299334,1.0,0.0,1
241,605385,1,600971,31153961,1.0,2.0,1
242,605385,1,554368,8901002,1.0,2.0,1
243,605385,1,554368,8474637,1.0,2.0,1
244,605385,1,554368,30251526,1.0,2.0,1
245,605385,1,533691,26450110,1.0,2.0,1
246,605385,1,558444,18581334,1.0,2.0,1
247,605385,1,462691,20060117,1.0,2.0,1
248,605385,1,466429,12553227,1.0,2.0,1
249,506539,1,600971,31230306,1.0,2.0,1
250,506539,1,600971,31291049,1.0,2.0,1
251,506539,1,564804,17539243,1.0,2.0,1
252,506539,1,554368,268562,1.0,2.0,1
253,506539,1,554368,16694433,1.0,2.0,1
254,506539,0,638591,23615729,1.0,,1
255,506539,0,477333,15601039,1.0,,1
256,506539,1,462691,16175308,1.0,2.0,1
257,506539,0,532462,17539249,1.0,,1
258,564784,1,600971,28340655,1.0,1.0,1
259,564784,0,564804,31383391,1.0,,1
260,564784,1,626174,4071761,1.0,1.0,1
261,564784,0,554368,24109928,1.0,,1
262,564784,1,638591,8762310,1.0,1.0,1
263,564784,1,462691,3811801,1.0,1.0,1
264,564784,1,583737,19623898,1.0,1.0,1
265,564784,1,583737,22653139,1.0,1.0,1
266,466429,1,600971,21796763,1.0,2.0,1
267,466429,1,564804,11633482,1.0,2.0,1
268,466429,1,564804,23612455,1.0,2.0,1
269,466429,0,626174,22077602,1.0,,1
270,466429,1,554368,16147734,1.0,2.0,1
271,466429,0,554368,17757954,1.0,,1
272,466429,0,554368,31465833,1.0,,1
273,466429,0,554368,20240273,1.0,,1
274,466429,1,554368,29126186,1.0,2.0,1
275,466429,0,605385,1039361,1.0,,1
276,466429,0,605385,10973711,1.0,,1
277,532462,1,600971,27919136,1.0,0.0,1
278,532462,0,564804,16245362,1.0,,1
279,532462,1,564804,7521931,1.0,0.0,1
280,532462,1,626174,13840784,1.0,0.0,1
281,532462,0,626174,15676037,1.0,,1
282,532462,1,477333,8395924,1.0,0.0,1
283,532462,1,462691,4903315,1.0,0.0,1
284,532462,1,462691,28858726,1.0,0.0,1
285,532462,0,583737,19808321,1.0,,1
286,583737,1,600971,28175228,1.0,0.0,1
287,583737,1,554368,1991042,1.0,0.0,1
288,583737,1,554368,3979697,1.0,0.0,1
289,583737,1,554368,9781471,1.0,0.0,1
290,583737,0,554368,13318129,1.0,,1
291,583737,0,554368,19443822,1.0,,1
292,583737,0,554368,20828741,1.0,,1
293,583737,1,554368,21760785,1.0,0.0,1
294,583737,0,554368,23943271,1.0,,1
295,583737,1,554368,24918536,1.0,0.0,1
296,583737,0,554368,28280921,1.0,,1
297,583737,1,558444,31224041,1.0,0.0,1
298,583737,1,462691,2337149,1.0,0.0,1
299,583737,1,462691,6334580,1.0,0.0,1
300,583737,0,462691,19916285,1.0,,1
301,583737,0,462691,22469755,1.0,,1
302,583737,0,462691,24994836,1.0,,1
303,583737,1,631159,13484413,1.0,0.0,1
304,583737,1,631159,20223099,1.0,0.0,1
305,583737,0,631159,27365047,1.0,,1
306,583737,0,605385,14095832,1.0,,1
307,583737,1,605385,17919274,1.0,0.0,1
308,583737,1,605385,17783110,1.0,0.0,1
309,583737,0,506539,853550,1.0,,1
310,583737,1,506539,13055672,1.0,0.0,1
311,583737,1,506539,13146985,1.0,0.0,1
312,600971,4,579269,-685755382,0.166667,,1
313,631490,5,536346,31536000,1563.5,,1
314,510031,5,631490,31536000,885.05,,4
315,631490,5,520660,31536000,1396.28,,1
316,552988,5,631490,31536000,37292.8,,4
317,631490,5,567195,31536000,11095.1,,1
318,631490,5,527449,31536000,219.53,,1
319,631490,5,459381,31536000,464.35,,1
320,631490,5,595298,31536000,2647.87,,1
321,631490,5,466907,31536000,1001.88,,1
322,631490,5,589943,31536000,2234.9,,1
323,631490,5,577992,31536000,2224.48,,1
324,631490,5,537281,31536000,86.65,,1
325,631490,5,523927,31536000,202.93,,1
326,631490,5,580426,31536000,691.04,,1
327,631490,5,642329,31536000,2371.77,,1
328,631490,5,503701,31536000,1581.49,,1
329,631490,5,644226,31536000,1517.97,,1
330,631490,5,632961,31536000,8.16,,1
331,631490,5,473173,31536000,787.35,,1
332,631490,5,620120,31536000,2411.94,,1
333,575811,5,630626,31536000,4925.88,,1
334,510031,5,575811,31536000,982.79,,4
335,552988,5,575811,31536000,35192.8,,4
336,575811,5,567195,31536000,3799.23,,1
337,575811,5,527449,31536000,372.89,,1
338,575811,5,459381,31536000,481.34,,1
339,575811,5,595298,31536000,612.76,,1
340,575811,5,466907,31536000,580.14,,1
341,575811,5,577992,31536000,1304.51,,1
342,575811,5,537281,31536000,795.78,,1
343,575811,5,580426,31536000,667.49,,1
344,575811,5,616315,31536000,1243.09,,1
345,575811,5,503701,31536000,1921.34,,1
346,575811,5,632961,31536000,891.7,,1
347,575811,5,473173,31536000,2425.68,,1
348,575811,5,620120,31536000,5945.42,,1
349,575811,5,575030,31536000,10546.6,,1
350,575811,5,621924,31536000,1021.49,,1
351,547483,5,503218,31536000,2044.23,,1
352,547483,5,536346,31536000,6151.38,,1
353,547483,5,520660,31536000,2156.14,,1
354,552988,5,547483,31536000,71680.2,,4
355,547483,5,527449,31536000,979.76,,1
356,547483,5,459381,31536000,1704.3,,1
357,547483,5,595298,31536000,6484.88,,1
358,547483,5,466907,31536000,1317.63,,1
359,547483,5,589943,31536000,6754.9,,1
360,547483,5,537281,31536000,473.18,,1
361,547483,5,523927,31536000,2563.48,,1
362,547483,5,580426,31536000,866.08,,1
363,547483,5,642329,31536000,1687.48,,1
364,547483,5,503701,31536000,2286.34,,1
365,547483,5,571970,31536000,151.07,,1
366,547483,5,644226,31536000,4062.04,,1
367,547483,5,632961,31536000,1930.54,,1
368,547483,5,473173,31536000,2397.12,,1
369,547483,5,620120,31536000,3371.2,,1
370,547483,5,575030,31536000,9120.18,,1
371,506539,5,640784,31536000,20.08,,1
372,506539,5,536346,31536000,837.66,,1
373,510031,5,506539,31536000,482.64,,4
374,506539,5,520660,31536000,1207.48,,1
375,552988,5,506539,31536000,11662.5,,4
376,506539,5,567195,31536000,787.62,,1
377,506539,5,527449,31536000,59.06,,1
378,506539,5,459381,31536000,558.31,,1
379,506539,5,595298,31536000,834.11,,1
380,506539,5,466907,31536000,187.53,,1
381,506539,5,577992,31536000,713.66,,1
382,506539,5,537281,31536000,13.46,,1
383,506539,5,523927,31536000,388.13,,1
384,506539,5,580426,31536000,465.8,,1
385,506539,5,616315,31536000,1016.61,,1
386,506539,5,642329,31536000,758.46,,1
387,506539,5,503701,31536000,2990.92,,1
388,506539,5,644226,31536000,1261.92,,1
389,506539,5,632961,31536000,333.72,,1
390,506539,5,473173,31536000,840.36,,1
391,506539,5,620120,31536000,686.44,,1
392,506539,5,575030,31536000,2548.67,,1
393,564804,5,640784,31536000,456.34,,1
394,564804,5,536346,31536000,1283.39,,1
395,564804,5,520660,31536000,1748.17,,1
396,552988,5,564804,31536000,23598.6,,4
397,564804,5,567195,31536000,7161.91,,1
398,564804,5,527449,31536000,205.63,,1
399,564804,5,459381,31536000,797.76,,1
400,564804,5,595298,31536000,2528.15,,1
401,564804,5,466907,31536000,591.0,,1
402,564804,5,589943,31536000,139.11,,1
403,564804,5,577992,31536000,720.57,,1
404,564804,5,537281,31536000,579.74,,1
405,564804,5,523927,31536000,2308.4,,1
406,564804,5,580426,31536000,320.77,,1
407,564804,5,616315,31536000,1862.56,,1
408,564804,5,642329,31536000,377.31,,1
409,564804,5,503701,31536000,1419.38,,1
410,564804,5,644226,31536000,1413.06,,1
411,564804,5,632961,31536000,546.13,,1
412,564804,5,473173,31536000,1407.7,,1
413,564804,5,620120,31536000,1813.95,,1
414,564804,5,575030,31536000,2310.38,,1
415,564804,5,621924,31536000,792.97,,1
416,474123,5,536346,31536000,251.25,,1
417,474123,5,520660,31536000,1527.48,,1
418,552988,5,474123,31536000,11766.8,,4
419,474123,5,567195,31536000,749.58,,1
420,474123,5,527449,31536000,119.35,,1
421,474123,5,459381,31536000,188.75,,1
422,474123,5,595298,31536000,266.18,,1
423,474123,5,466907,31536000,282.66,,1
424,474123,5,589943,31536000,1028.14,,1
425,474123,5,523927,31536000,908.92,,1
426,474123,5,580426,31536000,386.57,,1
427,474123,5,595581,31536000,523.42,,1
428,474123,5,616315,31536000,244.11,,1
429,474123,5,642329,31536000,282.37,,1
430,474123,5,503701,31536000,948.86,,1
431,474123,5,644226,31536000,832.84,,1
432,474123,5,473173,31536000,205.86,,1
433,474123,5,620120,31536000,789.2,,1
434,474123,5,575030,31536000,385.4,,1
435,474123,5,621924,31536000,356.39,,1
436,481408,5,536346,31536000,1376.83,,1
437,510031,5,481408,31536000,885.77,,4
438,481408,5,520660,31536000,4717.58,,1
439,552988,5,481408,31536000,20796.2,,4
440,481408,5,527449,31536000,269.66,,1
441,481408,5,459381,31536000,469.32,,1
442,481408,5,595298,31536000,523.27,,1
443,481408,5,466907,31536000,127.27,,1
444,481408,5,589943,31536000,2511.27,,1
445,481408,5,577992,31536000,3027.6,,1
446,481408,5,523927,31536000,1231.21,,1
447,481408,5,580426,31536000,428.52,,1
448,481408,5,616315,31536000,95.94,,1
449,481408,5,642329,31536000,1111.36,,1
450,481408,5,503701,31536000,142.81,,1
451,481408,5,644226,31536000,297.79,,1
452,481408,5,473173,31536000,2269.79,,1
453,481408,5,620120,31536000,1500.95,,1
454,481408,5,575030,31536000,6629.34,,1
455,481408,5,621924,31536000,1554.39,,1
456,470784,5,536346,31536000,3693.61,,1
457,552988,5,470784,31536000,37014.9,,4
458,470784,5,567195,31536000,1962.63,,1
459,470784,5,527449,31536000,1190.12,,1
460,470784,5,459381,31536000,1262.47,,1
461,470784,5,595298,31536000,4147.2,,1
462,470784,5,466907,31536000,841.1,,1
463,470784,5,589943,31536000,3818.44,,1
464,470784,5,577992,31536000,624.21,,1
465,470784,5,537281,31536000,2136.33,,1
466,470784,5,580426,31536000,1223.21,,1
467,470784,5,595581,31536000,2176.89,,1
468,470784,5,642329,31536000,844.42,,1
469,470784,5,503701,31536000,6747.92,,1
470,470784,5,571970,31536000,390.56,,1
471,470784,5,644226,31536000,1880.17,,1
472,470784,5,473173,31536000,3431.76,,1
473,620120,5,470784,31536000,1384.74,,4
474,470784,5,575030,31536000,3997.12,,1
475,470784,5,621924,31536000,359.36,,1
476,493846,5,630626,31536000,2978.4,,1
477,510031,5,493846,31536000,511.16,,4
478,552988,5,493846,31536000,3312.3,,4
479,493846,5,527449,31536000,207.58,,1
480,493846,5,459381,31536000,120.07,,1
481,493846,5,595298,31536000,1064.03,,1
482,493846,5,466907,31536000,404.66,,1
483,493846,5,589943,31536000,900.56,,1
484,493846,5,577992,31536000,1148.84,,1
485,493846,5,523927,31536000,295.34,,1
486,493846,5,595581,31536000,576.02,,1
487,493846,5,616315,31536000,451.29,,1
488,493846,5,503701,31536000,1332.57,,1
489,493846,5,571970,31536000,23.5,,1
490,493846,5,632961,31536000,126.76,,1
491,493846,5,473173,31536000,562.84,,1
492,620120,5,493846,31536000,1160.51,,4
493,575811,5,630626,31536000,4925.88,,1
494,510031,5,575811,31536000,982.79,,4
495,552988,5,575811,31536000,35192.8,,4
496,575811,5,567195,31536000,3799.23,,1
497,575811,5,527449,31536000,372.89,,1
498,575811,5,459381,31536000,481.34,,1
499,575811,5,595298,31536000,612.76,,1
500,575811,5,466907,31536000,580.14,,1
501,575811,5,577992,31536000,1304.51,,1
502,575811,5,537281,31536000,795.78,,1
503,575811,5,580426,31536000,667.49,,1
504,575811,5,616315,31536000,1243.09,,1
505,575811,5,503701,31536000,1921.34,,1
506,575811,5,632961,31536000,891.7,,1
507,575811,5,473173,31536000,2425.68,,1
508,575811,5,620120,31536000,5945.42,,1
509,575811,5,575030,31536000,10546.6,,1
510,575811,5,621924,31536000,1021.49,,1
511,481408,5,536346,31536000,1376.83,,1
512,510031,5,481408,31536000,885.77,,4
513,481408,5,520660,31536000,4717.58,,1
514,552988,5,481408,31536000,20796.2,,4
515,481408,5,527449,31536000,269.66,,1
516,481408,5,459381,31536000,469.32,,1
517,481408,5,595298,31536000,523.27,,1
518,481408,5,466907,31536000,127.27,,1
519,481408,5,589943,31536000,2511.27,,1
520,481408,5,577992,31536000,3027.6,,1
521,481408,5,523927,31536000,1231.21,,1
522,481408,5,580426,31536000,428.52,,1
523,481408,5,616315,31536000,95.94,,1
524,481408,5,642329,31536000,1111.36,,1
525,481408,5,503701,31536000,142.81,,1
526,481408,5,644226,31536000,297.79,,1
527,481408,5,473173,31536000,2269.79,,1
528,481408,5,620120,31536000,1500.95,,1
529,481408,5,575030,31536000,6629.34,,1
530,481408,5,621924,31536000,1554.39,,1
531,469603,5,536346,31536000,1258.94,,1
532,510031,5,469603,31536000,2439.11,,4
533,469603,5,520660,31536000,2563.16,,1
534,552988,5,469603,31536000,118632.0,,4
535,469603,5,567195,31536000,17029.2,,1
536,469603,5,527449,31536000,928.43,,1
537,469603,5,459381,31536000,1739.11,,1
538,469603,5,595298,31536000,6408.19,,1
539,469603,5,466907,31536000,2087.91,,1
540,469603,5,577992,31536000,10337.6,,1
541,469603,5,537281,31536000,1195.92,,1
542,469603,5,523927,31536000,2076.12,,1
543,469603,5,580426,31536000,60.44,,1
544,469603,5,595581,31536000,16049.0,,1
545,469603,5,616315,31536000,315.58,,1
546,469603,5,642329,31536000,2200.36,,1
547,469603,5,503701,31536000,7584.21,,1
548,469603,5,644226,31536000,3612.86,,1
549,469603,5,473173,31536000,7937.3,,1
550,469603,5,620120,31536000,15483.5,,1
551,469603,5,575030,31536000,28871.4,,1
552,542731,5,640784,31536000,295.57,,1
553,542731,5,503218,31536000,681.6,,1
554,542731,5,536346,31536000,3.52,,1
555,510031,5,542731,31536000,577.72,,4
556,542731,5,520660,31536000,1805.2,,1
557,552988,5,542731,31536000,12792.7,,4
558,542731,5,567195,31536000,687.59,,1
559,542731,5,527449,31536000,61.75,,1
560,542731,5,459381,31536000,176.76,,1
561,542731,5,595298,31536000,615.86,,1
562,542731,5,466907,31536000,253.66,,1
563,542731,5,589943,31536000,716.57,,1
564,542731,5,537281,31536000,816.67,,1
565,542731,5,523927,31536000,419.37,,1
566,542731,5,580426,31536000,17.18,,1
567,542731,5,595581,31536000,911.31,,1
568,542731,5,616315,31536000,701.91,,1
569,542731,5,642329,31536000,344.34,,1
570,542731,5,503701,31536000,225.54,,1
571,542731,5,571970,31536000,108.1,,1
572,542731,5,644226,31536000,944.15,,1
573,542731,5,473173,31536000,1043.95,,1
574,542731,5,620120,31536000,317.84,,1
575,542731,5,575030,31536000,5085.85,,1
576,542731,5,621924,31536000,1799.15,,1
577,506539,5,640784,31536000,20.08,,1
578,506539,5,536346,31536000,837.66,,1
579,510031,5,506539,31536000,482.64,,4
580,506539,5,520660,31536000,1207.48,,1
581,552988,5,506539,31536000,11662.5,,4
582,506539,5,567195,31536000,787.62,,1
583,506539,5,527449,31536000,59.06,,1
584,506539,5,459381,31536000,558.31,,1
585,506539,5,595298,31536000,834.11,,1
586,506539,5,466907,31536000,187.53,,1
587,506539,5,577992,31536000,713.66,,1
588,506539,5,537281,31536000,13.46,,1
589,506539,5,523927,31536000,388.13,,1
590,506539,5,580426,31536000,465.8,,1
591,506539,5,616315,31536000,1016.61,,1
592,506539,5,642329,31536000,758.46,,1
593,506539,5,503701,31536000,2990.92,,1
594,506539,5,644226,31536000,1261.92,,1
595,506539,5,632961,31536000,333.72,,1
596,506539,5,473173,31536000,840.36,,1
597,506539,5,620120,31536000,686.44,,1
598,506539,5,575030,31536000,2548.67,,1
599,490882,5,640784,31536000,84.49,,1
600,490882,5,630626,31536000,3082.38,,1
601,552988,5,490882,31536000,1649.26,,4
602,490882,5,527449,31536000,134.32,,1
603,490882,5,459381,31536000,1207.5,,1
604,490882,5,595298,31536000,1484.03,,1
605,490882,5,577992,31536000,1084.47,,1
606,490882,5,537281,31536000,177.41,,1
607,490882,5,580426,31536000,146.76,,1
608,490882,5,642329,31536000,1711.36,,1
609,490882,5,632961,31536000,472.7,,1
610,490882,5,473173,31536000,7.82,,1
611,620120,5,490882,31536000,76.68,,4
612,490882,5,575030,31536000,2487.68,,1
613,490882,5,621924,31536000,1134.71,,1
614,573191,5,536346,31536000,472.84,,1
615,573191,5,520660,31536000,1117.74,,1
616,552988,5,573191,31536000,15203.2,,4
617,573191,5,567195,31536000,1480.94,,1
618,573191,5,527449,31536000,16.47,,1
619,573191,5,459381,31536000,170.61,,1
620,573191,5,595298,31536000,1312.02,,1
621,573191,5,466907,31536000,460.42,,1
622,573191,5,606730,31536000,135.26,,1
623,573191,5,589943,31536000,868.96,,1
624,573191,5,577992,31536000,93.77,,1
625,573191,5,537281,31536000,238.77,,1
626,573191,5,523927,31536000,997.25,,1
627,573191,5,580426,31536000,322.55,,1
628,573191,5,595581,31536000,564.64,,1
629,573191,5,642329,31536000,377.21,,1
630,573191,5,503701,31536000,489.56,,1
631,573191,5,644226,31536000,556.1,,1
632,573191,5,632961,31536000,248.51,,1
633,573191,5,473173,31536000,602.51,,1
634,620120,5,573191,31536000,455.75,,4
635,573191,5,575030,31536000,3294.21,,1
636,537659,5,630626,31536000,5167.85,,1
637,552988,5,537659,31536000,19763.6,,4
638,537659,5,567195,31536000,164.94,,1
639,537659,5,527449,31536000,173.95,,1
640,537659,5,459381,31536000,575.15,,1
641,537659,5,595298,31536000,977.19,,1
642,537659,5,466907,31536000,346.6,,1
643,537659,5,589943,31536000,744.01,,1
644,537659,5,577992,31536000,1840.94,,1
645,537659,5,537281,31536000,639.67,,1
646,537659,5,523927,31536000,986.01,,1
647,537659,5,580426,31536000,242.84,,1
648,537659,5,595581,31536000,495.47,,1
649,537659,5,616315,31536000,1733.66,,1
650,537659,5,642329,31536000,75.48,,1
651,537659,5,503701,31536000,3158.38,,1
652,537659,5,571970,31536000,27.39,,1
653,537659,5,473173,31536000,2104.89,,1
654,537659,5,620120,31536000,884.87,,1
655,537659,5,575030,31536000,915.15,,1
656,537659,5,621924,31536000,483.72,,1
657,564784,5,630626,31536000,2788.09,,1
658,510031,5,564784,31536000,478.98,,4
659,552988,5,564784,31536000,4933.09,,4
660,564784,5,567195,31536000,1153.34,,1
661,564784,5,527449,31536000,51.27,,1
662,564784,5,459381,31536000,205.21,,1
663,564784,5,595298,31536000,1084.22,,1
664,564784,5,466907,31536000,384.24,,1
665,564784,5,589943,31536000,1136.5,,1
666,564784,5,577992,31536000,2906.23,,1
667,564784,5,537281,31536000,302.45,,1
668,564784,5,523927,31536000,696.65,,1
669,564784,5,616315,31536000,1045.57,,1
670,564784,5,642329,31536000,817.36,,1
671,564784,5,503701,31536000,653.53,,1
672,564784,5,571970,31536000,72.71,,1
673,564784,5,473173,31536000,166.57,,1
674,564784,5,620120,31536000,705.53,,1
675,564784,5,621924,31536000,2761.6,,1
676,583737,5,536346,31536000,536.8,,1
677,552988,5,583737,31536000,57979.8,,4
678,583737,5,527449,31536000,846.82,,1
679,583737,5,459381,31536000,1888.55,,1
680,583737,5,595298,31536000,5505.53,,1
681,583737,5,466907,31536000,1910.39,,1
682,583737,5,606730,31536000,860.84,,1
683,583737,5,589943,31536000,6504.95,,1
684,583737,5,577992,31536000,4156.52,,1
685,583737,5,537281,31536000,619.21,,1
686,583737,5,523927,31536000,4155.72,,1
687,583737,5,580426,31536000,1019.42,,1
688,583737,5,595581,31536000,1524.63,,1
689,583737,5,616315,31536000,5561.98,,1
690,583737,5,642329,31536000,3448.41,,1
691,583737,5,503701,31536000,3894.94,,1
692,583737,5,571970,31536000,595.8,,1
693,583737,5,644226,31536000,2328.98,,1
694,583737,5,473173,31536000,872.62,,1
695,583737,5,620120,31536000,3024.01,,1
696,583737,5,575030,31536000,19128.6,,1
697,583737,5,621924,31536000,3426.46,,1
698,527214,5,640784,31536000,275.05,,1
699,527214,5,536346,31536000,1317.1,,1
700,510031,5,527214,31536000,752.64,,4
701,527214,5,520660,31536000,2348.38,,1
702,552988,5,527214,31536000,37340.7,,4
703,527214,5,567195,31536000,3637.65,,1
704,527214,5,527449,31536000,226.61,,1
705,527214,5,459381,31536000,654.33,,1
706,527214,5,595298,31536000,760.27,,1
707,527214,5,466907,31536000,180.56,,1
708,527214,5,589943,31536000,202.74,,1
709,527214,5,577992,31536000,664.31,,1
710,527214,5,523927,31536000,2206.27,,1
711,527214,5,580426,31536000,987.73,,1
712,527214,5,595581,31536000,4299.74,,1
713,527214,5,616315,31536000,1685.06,,1
714,527214,5,503701,31536000,1349.49,,1
715,527214,5,644226,31536000,749.62,,1
716,527214,5,632961,31536000,257.97,,1
717,527214,5,473173,31536000,368.51,,1
718,527214,5,620120,31536000,4166.22,,1
719,527214,5,575030,31536000,779.54,,1
720,527214,5,621924,31536000,443.32,,1
721,603212,5,630626,31536000,709.61,,1
722,552988,5,603212,31536000,2075.94,,4
723,603212,5,527449,31536000,65.57,,1
724,603212,5,459381,31536000,263.18,,1
725,603212,5,595298,31536000,565.61,,1
726,603212,5,466907,31536000,38.51,,1
727,603212,5,589943,31536000,189.89,,1
728,603212,5,577992,31536000,2272.83,,1
729,603212,5,537281,31536000,199.15,,1
730,603212,5,523927,31536000,487.85,,1
731,603212,5,595581,31536000,34.43,,1
732,603212,5,616315,31536000,387.85,,1
733,603212,5,503701,31536000,71.72,,1
734,603212,5,571970,31536000,35.06,,1
735,603212,5,473173,31536000,66.28,,1
736,603212,5,620120,31536000,334.8,,1
737,521273,5,640784,31536000,266.77,,1
738,521273,5,630626,31536000,5042.62,,1
739,510031,5,521273,31536000,125.71,,4
740,552988,5,521273,31536000,36448.1,,4
741,521273,5,567195,31536000,5578.11,,1
742,521273,5,527449,31536000,377.15,,1
743,521273,5,459381,31536000,797.53,,1
744,521273,5,595298,31536000,2058.52,,1
745,521273,5,466907,31536000,396.44,,1
746,521273,5,606730,31536000,1066.85,,1
747,521273,5,589943,31536000,2689.4,,1
748,521273,5,577992,31536000,1427.91,,1
749,521273,5,523927,31536000,2720.15,,1
750,521273,5,580426,31536000,544.51,,1
751,521273,5,595581,31536000,2566.95,,1
752,521273,5,616315,31536000,1677.25,,1
753,521273,5,642329,31536000,1315.74,,1
754,521273,5,503701,31536000,3304.29,,1
755,521273,5,571970,31536000,345.38,,1
756,521273,5,632961,31536000,312.19,,1
757,521273,5,473173,31536000,68.11,,1
758,521273,5,620120,31536000,3908.02,,1
759,521273,5,575030,31536000,14053.6,,1
760,521273,5,621924,31536000,803.52,,1
761,477333,5,536346,31536000,2185.21,,1
762,552988,5,477333,31536000,27596.7,,4
763,477333,5,527449,31536000,961.99,,1
764,477333,5,459381,31536000,1056.61,,1
765,477333,5,595298,31536000,5.79,,1
766,477333,5,466907,31536000,1184.56,,1
767,477333,5,606730,31536000,1797.02,,1
768,477333,5,589943,31536000,613.53,,1
769,477333,5,580426,31536000,702.97,,1
770,477333,5,595581,31536000,2047.02,,1
771,477333,5,616315,31536000,3630.64,,1
772,477333,5,642329,31536000,806.08,,1
773,477333,5,503701,31536000,841.88,,1
774,477333,5,571970,31536000,338.92,,1
775,477333,5,644226,31536000,2138.43,,1
776,477333,5,632961,31536000,2140.83,,1
777,477333,5,473173,31536000,1559.28,,1
778,477333,5,620120,31536000,405.82,,1
779,477333,5,575030,31536000,9161.45,,1
780,477333,5,621924,31536000,3824.69,,1
781,597450,5,640784,31536000,49.22,,1
782,597450,5,503218,31536000,102.47,,1
783,597450,5,630626,31536000,2241.7,,1
784,510031,5,597450,31536000,60.17,,4
785,552988,5,597450,31536000,1773.97,,4
786,597450,5,527449,31536000,147.08,,1
787,597450,5,459381,31536000,199.59,,1
788,597450,5,595298,31536000,301.88,,1
789,597450,5,466907,31536000,142.86,,1
790,597450,5,589943,31536000,660.7,,1
791,597450,5,595581,31536000,19.38,,1
792,597450,5,642329,31536000,566.73,,1
793,597450,5,503701,31536000,278.63,,1
794,597450,5,571970,31536000,7.24,,1
795,597450,5,632961,31536000,112.71,,1
796,597450,5,473173,31536000,182.77,,1
797,597450,5,620120,31536000,71.88,,1
798,591024,5,640784,31536000,1454.01,,1
799,591024,5,536346,31536000,922.33,,1
800,591024,5,520660,31536000,4459.87,,1
801,552988,5,591024,31536000,106949.0,,4
802,591024,5,527449,31536000,81.17,,1
803,591024,5,459381,31536000,2704.62,,1
804,591024,5,595298,31536000,5534.19,,1
805,591024,5,466907,31536000,1478.08,,1
806,591024,5,589943,31536000,6744.67,,1
807,591024,5,537281,31536000,601.11,,1
808,591024,5,523927,31536000,2191.22,,1
809,591024,5,595581,31536000,2273.8,,1
810,591024,5,616315,31536000,577.97,,1
811,591024,5,642329,31536000,1259.08,,1
812,591024,5,503701,31536000,4373.49,,1
813,591024,5,644226,31536000,2300.42,,1
814,591024,5,632961,31536000,194.7,,1
815,591024,5,473173,31536000,7341.4,,1
816,591024,5,620120,31536000,10829.2,,1
817,591024,5,575030,31536000,16685.0,,1
818,591024,5,621924,31536000,4009.46,,1
819,626174,5,536346,31536000,1318.95,,1
820,626174,5,520660,31536000,252.66,,1
821,552988,5,626174,31536000,19673.4,,4
822,626174,5,567195,31536000,5747.57,,1
823,626174,5,527449,31536000,282.31,,1
824,626174,5,459381,31536000,416.48,,1
825,626174,5,595298,31536000,1917.08,,1
826,626174,5,466907,31536000,305.25,,1
827,626174,5,537281,31536000,96.17,,1
828,626174,5,523927,31536000,1657.48,,1
829,626174,5,580426,31536000,595.18,,1
830,626174,5,595581,31536000,666.0,,1
831,626174,5,616315,31536000,892.0,,1
832,626174,5,503701,31536000,652.68,,1
833,626174,5,571970,31536000,66.19,,1
834,626174,5,644226,31536000,1389.59,,1
835,626174,5,473173,31536000,366.3,,1
836,626174,5,620120,31536000,4222.39,,1
837,626174,5,575030,31536000,3245.17,,1
838,626174,5,621924,31536000,1243.78,,1
839,638591,5,536346,31536000,2444.21,,1
840,552988,5,638591,31536000,5111.44,,4
841,638591,5,527449,31536000,127.23,,1
842,638591,5,459381,31536000,2248.74,,1
843,638591,5,595298,31536000,2720.82,,1
844,638591,5,466907,31536000,1139.36,,1
845,638591,5,537281,31536000,4.0,,1
846,638591,5,523927,31536000,3096.74,,1
847,638591,5,580426,31536000,314.49,,1
848,638591,5,595581,31536000,1254.78,,1
849,638591,5,616315,31536000,212.1,,1
850,638591,5,642329,31536000,3029.57,,1
851,638591,5,503701,31536000,4394.29,,1
852,638591,5,644226,31536000,2630.36,,1
853,638591,5,632961,31536000,935.41,,1
854,638591,5,473173,31536000,1604.72,,1
855,638591,5,620120,31536000,312.94,,1
856,462691,5,536346,31536000,1955.64,,1
857,552988,5,462691,31536000,15834.2,,4
858,462691,5,567195,31536000,1167.6,,1
859,462691,5,527449,31536000,136.69,,1
860,462691,5,459381,31536000,199.96,,1
861,462691,5,595298,31536000,610.88,,1
862,462691,5,466907,31536000,179.64,,1
863,462691,5,589943,31536000,1880.55,,1
864,462691,5,577992,31536000,1297.18,,1
865,462691,5,537281,31536000,144.98,,1
866,462691,5,523927,31536000,570.0,,1
867,462691,5,580426,31536000,388.56,,1
868,462691,5,595581,31536000,247.23,,1
869,462691,5,616315,31536000,598.91,,1
870,462691,5,642329,31536000,7.09,,1
871,462691,5,503701,31536000,1998.23,,1
872,462691,5,644226,31536000,644.57,,1
873,462691,5,632961,31536000,130.07,,1
874,462691,5,473173,31536000,48.45,,1
875,462691,5,620120,31536000,1862.25,,1
876,462691,5,621924,31536000,632.43,,1
877,643930,5,640784,31536000,180.82,,1
878,643930,5,536346,31536000,402.78,,1
879,510031,5,643930,31536000,450.33,,4
880,643930,5,520660,31536000,638.02,,1
881,552988,5,643930,31536000,7077.46,,4
882,643930,5,567195,31536000,1939.78,,1
883,643930,5,527449,31536000,165.11,,1
884,643930,5,459381,31536000,166.14,,1
885,643930,5,595298,31536000,1007.05,,1
886,643930,5,466907,31536000,330.52,,1
887,643930,5,577992,31536000,919.98,,1
888,643930,5,523927,31536000,71.09,,1
889,643930,5,580426,31536000,122.97,,1
890,643930,5,595581,31536000,1.71,,1
891,643930,5,616315,31536000,363.61,,1
892,643930,5,642329,31536000,255.71,,1
893,643930,5,503701,31536000,1353.19,,1
894,643930,5,571970,31536000,6.26,,1
895,643930,5,644226,31536000,254.41,,1
896,643930,5,632961,31536000,232.46,,1
897,643930,5,473173,31536000,944.48,,1
898,643930,5,620120,31536000,534.48,,1
899,643930,5,575030,31536000,2428.41,,1
900,479674,5,630626,31536000,11623.5,,1
901,552988,5,479674,31536000,30745.0,,4
902,479674,5,567195,31536000,5066.88,,1
903,479674,5,527449,31536000,880.74,,1
904,479674,5,459381,31536000,1991.87,,1
905,479674,5,595298,31536000,5430.02,,1
906,479674,5,466907,31536000,1424.25,,1
907,479674,5,589943,31536000,2365.3,,1
908,479674,5,537281,31536000,637.92,,1
909,479674,5,523927,31536000,7055.65,,1
910,479674,5,642329,31536000,2169.21,,1
911,479674,5,503701,31536000,2574.8,,1
912,479674,5,571970,31536000,158.63,,1
913,479674,5,632961,31536000,790.74,,1
914,479674,5,473173,31536000,8436.76,,1
915,620120,5,479674,31536000,6153.55,,4
916,479674,5,575030,31536000,10549.1,,1
917,479674,5,621924,31536000,5332.23,,1
918,495487,5,640784,31536000,51.34,,1
919,495487,5,536346,31536000,607.62,,1
920,495487,5,520660,31536000,5966.32,,1
921,552988,5,495487,31536000,129703.0,,4
922,495487,5,567195,31536000,2096.9,,1
923,495487,5,527449,31536000,503.21,,1
924,495487,5,459381,31536000,679.73,,1
925,495487,5,595298,31536000,5569.59,,1
926,495487,5,466907,31536000,946.51,,1
927,495487,5,589943,31536000,681.48,,1
928,495487,5,577992,31536000,437.29,,1
929,495487,5,537281,31536000,195.47,,1
930,495487,5,523927,31536000,5719.44,,1
931,495487,5,580426,31536000,177.12,,1
932,495487,5,616315,31536000,748.63,,1
933,495487,5,642329,31536000,3038.89,,1
934,495487,5,503701,31536000,1210.81,,1
935,495487,5,571970,31536000,83.11,,1
936,495487,5,644226,31536000,2287.45,,1
937,495487,5,632961,31536000,1510.42,,1
938,495487,5,473173,31536000,4236.14,,1
939,495487,5,620120,31536000,18247.0,,1
940,495487,5,575030,31536000,556.88,,1
941,495487,5,621924,31536000,1495.74,,1
942,479674,5,630626,31536000,11623.5,,1
943,552988,5,479674,31536000,30745.0,,4
944,479674,5,567195,31536000,5066.88,,1
945,479674,5,527449,31536000,880.74,,1
946,479674,5,459381,31536000,1991.87,,1
947,479674,5,595298,31536000,5430.02,,1
948,479674,5,466907,31536000,1424.25,,1
949,479674,5,589943,31536000,2365.3,,1
950,479674,5,537281,31536000,637.92,,1
951,479674,5,523927,31536000,7055.65,,1
952,479674,5,642329,31536000,2169.21,,1
953,479674,5,503701,31536000,2574.8,,1
954,479674,5,571970,31536000,158.63,,1
955,479674,5,632961,31536000,790.74,,1
956,479674,5,473173,31536000,8436.76,,1
957,620120,5,479674,31536000,6153.55,,4
958,479674,5,575030,31536000,10549.1,,1
959,479674,5,621924,31536000,5332.23,,1
960,537659,5,630626,31536000,5167.85,,1
961,552988,5,537659,31536000,19763.6,,4
962,537659,5,567195,31536000,164.94,,1
963,537659,5,527449,31536000,173.95,,1
964,537659,5,459381,31536000,575.15,,1
965,537659,5,595298,31536000,977.19,,1
966,537659,5,466907,31536000,346.6,,1
967,537659,5,589943,31536000,744.01,,1
968,537659,5,577992,31536000,1840.94,,1
969,537659,5,537281,31536000,639.67,,1
970,537659,5,523927,31536000,986.01,,1
971,537659,5,580426,31536000,242.84,,1
972,537659,5,595581,31536000,495.47,,1
973,537659,5,616315,31536000,1733.66,,1
974,537659,5,642329,31536000,75.48,,1
975,537659,5,503701,31536000,3158.38,,1
976,537659,5,571970,31536000,27.39,,1
977,537659,5,473173,31536000,2104.89,,1
978,537659,5,620120,31536000,884.87,,1
979,537659,5,575030,31536000,915.15,,1
980,537659,5,621924,31536000,483.72,,1
981,466429,5,630626,31536000,9077.04,,1
982,510031,5,466429,31536000,3719.03,,4
983,552988,5,466429,31536000,55834.9,,4
984,466429,5,567195,31536000,2964.44,,1
985,466429,5,527449,31536000,849.34,,1
986,466429,5,459381,31536000,390.36,,1
987,466429,5,595298,31536000,1076.38,,1
988,466429,5,466907,31536000,500.48,,1
989,466429,5,577992,31536000,1738.39,,1
990,466429,5,537281,31536000,1930.78,,1
991,466429,5,580426,31536000,1894.04,,1
992,466429,5,595581,31536000,620.28,,1
993,466429,5,642329,31536000,785.6,,1
994,466429,5,503701,31536000,370.59,,1
995,466429,5,632961,31536000,757.42,,1
996,466429,5,473173,31536000,193.27,,1
997,466429,5,620120,31536000,9524.16,,1
998,466429,5,575030,31536000,15739.5,,1
999,466429,5,621924,31536000,123.43,,1
1000,583737,5,536346,31536000,536.8,,1
1001,552988,5,583737,31536000,57979.8,,4
1002,583737,5,527449,31536000,846.82,,1
1003,583737,5,459381,31536000,1888.55,,1
1004,583737,5,595298,31536000,5505.53,,1
1005,583737,5,466907,31536000,1910.39,,1
1006,583737,5,606730,31536000,860.84,,1
1007,583737,5,589943,31536000,6504.95,,1
1008,583737,5,577992,31536000,4156.52,,1
1009,583737,5,537281,31536000,619.21,,1
1010,583737,5,523927,31536000,4155.72,,1
1011,583737,5,580426,31536000,1019.42,,1
1012,583737,5,595581,31536000,1524.63,,1
1013,583737,5,616315,31536000,5561.98,,1
1014,583737,5,642329,31536000,3448.41,,1
1015,583737,5,503701,31536000,3894.94,,1
1016,583737,5,571970,31536000,595.8,,1
1017,583737,5,644226,31536000,2328.98,,1
1018,583737,5,473173,31536000,872.62,,1
1019,583737,5,620120,31536000,3024.01,,1
1020,583737,5,575030,31536000,19128.6,,1
1021,583737,5,621924,31536000,3426.46,,1
1022,462691,5,536346,31536000,1955.64,,1
1023,552988,5,462691,31536000,15834.2,,4
1024,462691,5,567195,31536000,1167.6,,1
1025,462691,5,527449,31536000,136.69,,1
1026,462691,5,459381,31536000,199.96,,1
1027,462691,5,595298,31536000,610.88,,1
1028,462691,5,466907,31536000,179.64,,1
1029,462691,5,589943,31536000,1880.55,,1
1030,462691,5,577992,31536000,1297.18,,1
1031,462691,5,537281,31536000,144.98,,1
1032,462691,5,523927,31536000,570.0,,1
1033,462691,5,580426,31536000,388.56,,1
1034,462691,5,595581,31536000,247.23,,1
1035,462691,5,616315,31536000,598.91,,1
1036,462691,5,642329,31536000,7.09,,1
1037,462691,5,503701,31536000,1998.23,,1
1038,462691,5,644226,31536000,644.57,,1
1039,462691,5,632961,31536000,130.07,,1
1040,462691,5,473173,31536000,48.45,,1
1041,462691,5,620120,31536000,1862.25,,1
1042,462691,5,621924,31536000,632.43,,1
1043,626174,5,536346,31536000,1318.95,,1
1044,626174,5,520660,31536000,252.66,,1
1045,552988,5,626174,31536000,19673.4,,4
1046,626174,5,567195,31536000,5747.57,,1
1047,626174,5,527449,31536000,282.31,,1
1048,626174,5,459381,31536000,416.48,,1
1049,626174,5,595298,31536000,1917.08,,1
1050,626174,5,466907,31536000,305.25,,1
1051,626174,5,537281,31536000,96.17,,1
1052,626174,5,523927,31536000,1657.48,,1
1053,626174,5,580426,31536000,595.18,,1
1054,626174,5,595581,31536000,666.0,,1
1055,626174,5,616315,31536000,892.0,,1
1056,626174,5,503701,31536000,652.68,,1
1057,626174,5,571970,31536000,66.19,,1
1058,626174,5,644226,31536000,1389.59,,1
1059,626174,5,473173,31536000,366.3,,1
1060,626174,5,620120,31536000,4222.39,,1
1061,626174,5,575030,31536000,3245.17,,1
1062,626174,5,621924,31536000,1243.78,,1
1063,603212,6,499467,2246400,4.0,4.0,1
1064,597450,6,499467,2937600,7.0,4.0,1
1065,474123,6,499467,4924800,3.0,4.0,1
1066,573678,6,499467,5184000,3.0,4.0,1
1067,495487,6,499467,9763200,1.0,1.0,1
1068,542731,6,499467,10022400,1.0,1.0,1
1069,564804,6,499467,10800000,2.0,1.0,1
1070,600971,6,499467,23587200,0.0,4.0,1
1071,589043,6,499467,23587200,1.0,4.0,1
1072,643930,6,499467,26265600,5.0,4.0,1
1073,474123,6,616453,8726400,2.0,4.0,1
1074,495487,6,616453,10195200,3.0,4.0,1
1075,603212,6,616453,11232000,3.0,4.0,1
1076,564784,6,616453,23760000,3.0,0.0,1
1077,600971,6,616453,24019200,3.0,0.0,1
1078,479674,6,616453,24019200,5.0,0.0,1
1079,584511,6,616453,24883200,4.0,0.0,1
1080,542731,6,616453,21859200,1.0,1.0,1
1081,552243,6,616453,24710400,0.0,1.0,1
1082,575811,6,616453,27907200,4.0,1.0,1
1083,501914,6,625756,1209600,3.0,4.0,1
1084,600971,6,625756,2505600,5.0,4.0,1
1085,573191,6,625756,2505600,5.0,4.0,1
1086,603212,6,625756,2505600,4.0,4.0,1
1087,536173,6,625756,10627200,5.0,0.0,1
1088,479674,6,625756,12009600,3.0,0.0,1
1089,630700,6,625756,16934400,2.0,0.0,1
1090,564804,6,625756,15897600,2.0,1.0,1
1091,536173,6,625756,16416000,4.0,1.0,1
1092,542731,6,625756,17366400,2.0,1.0,1
1093,495487,6,625756,19353600,3.0,1.0,1
1094,529018,6,625756,26092800,3.0,2.0,1
1095,479674,6,625756,27216000,2.0,2.0,1
1096,462691,6,625756,29203200,2.0,2.0,1
1097,600971,6,657173,15465600,5.0,4.0,1
1098,501914,6,657173,15465600,4.0,4.0,1
1099,643930,6,657173,15465600,2.0,4.0,1
1100,474123,6,657173,15465600,1.0,4.0,1
1101,600971,6,657173,25401600,1.0,5.0,1
1102,529018,6,657173,26179200,0.0,5.0,1
1103,493846,6,657173,27475200,4.0,5.0,1
1104,474123,6,561157,7084800,1.0,4.0,1
1105,573191,6,561157,9244800,0.0,4.0,1
1106,571938,6,561157,9849600,0.0,4.0,1
1107,481408,6,561157,17712000,4.0,3.0,1
1108,626174,6,561157,23155200,1.0,3.0,1
1109,462691,6,561157,24019200,6.0,3.0,1
1110,481408,6,509607,11836800,4.0,3.0,1
1111,552243,6,509607,20995200,0.0,3.0,1
1112,594696,6,509607,31363200,5.0,3.0,1
1113,564784,2,547205,22653139,4.0,,1
1114,583737,3,547205,22653139,4.0,,1
1115,564784,2,547205,19623898,80.0,,1
1116,583737,3,547205,19623898,80.0,,1
