,Source,eType,Target,Time,Weight,SourceLocation
0,644830,0,585212,23330170,1.0,
1,644830,0,585212,4940501,1.0,
2,644830,0,585212,6015112,1.0,
3,644830,0,585212,6821216,1.0,
4,644830,0,585212,11489905,1.0,
5,644830,0,462278,16678480,1.0,
6,644830,1,551022,22557172,1.0,0.0
7,644830,1,545018,25145691,1.0,0.0
8,644830,1,494254,21539129,1.0,0.0
9,644830,0,570191,3297745,1.0,
10,644830,1,572992,16277804,1.0,0.0
11,644830,0,614387,5887089,1.0,
12,644830,0,469276,21265523,1.0,
13,644830,1,468900,18938769,1.0,0.0
14,644830,1,468900,18959508,1.0,0.0
15,644830,1,488673,9161189,1.0,0.0
16,644830,1,554368,8604057,1.0,0.0
17,644830,0,554368,11458591,1.0,
18,644830,0,516863,20995225,1.0,
19,644830,0,488928,4992132,1.0,
20,644830,0,488928,5932656,1.0,
21,644830,0,488928,7096778,1.0,
22,644830,0,488928,7243181,1.0,
23,644830,0,488928,8127107,1.0,
24,644830,0,488928,9286158,1.0,
25,644830,0,488928,10363238,1.0,
26,644830,0,488928,10857107,1.0,
27,644830,0,488928,10963849,1.0,
28,644830,0,488928,10976634,1.0,
29,585212,0,644830,5573577,1.0,
30,585212,0,644830,5870257,1.0,
31,585212,0,644830,6733654,1.0,
32,585212,0,644830,7489945,1.0,
33,585212,0,644830,8441674,1.0,
34,585212,0,644830,8855927,1.0,
35,585212,0,644830,9240893,1.0,
36,585212,0,644830,10304971,1.0,
37,585212,0,644830,12572672,1.0,
38,585212,0,644830,14709092,1.0,
39,585212,0,644830,15791166,1.0,
40,585212,0,644830,16266273,1.0,
41,585212,0,644830,18661695,1.0,
42,585212,0,644830,18662380,1.0,
43,585212,0,509362,18682225,1.0,
44,585212,0,462278,10201737,1.0,
45,585212,1,551022,30430086,1.0,4.0
46,585212,1,545018,20932822,1.0,4.0
47,585212,1,494254,17719975,1.0,4.0
48,585212,1,581145,29982332,1.0,4.0
49,585212,1,614387,21433487,1.0,4.0
50,585212,1,469276,11439536,1.0,4.0
51,585212,1,518460,4069931,1.0,4.0
52,585212,0,462691,2096328,1.0,
53,585212,0,462691,13133913,1.0,
54,585212,0,462691,19530013,1.0,
55,585212,0,462691,21094626,1.0,
56,585212,0,462691,27132144,1.0,
57,585212,0,567506,7189456,1.0,
58,585212,1,590206,7047652,1.0,4.0
59,585212,1,494412,28347841,1.0,4.0
60,585212,1,554368,1325065,1.0,4.0
61,585212,0,554368,2678414,1.0,
62,585212,1,554368,8940515,1.0,4.0
63,585212,0,554368,16709657,1.0,
64,585212,1,478080,15072025,1.0,4.0
65,585212,0,594292,22435975,1.0,
66,585212,0,516863,22293037,1.0,
67,585212,0,516863,25156694,1.0,
68,585212,0,478093,22581398,1.0,
69,585212,0,488928,5876469,1.0,
70,585212,0,488928,6226591,1.0,
71,585212,0,488928,6272425,1.0,
72,585212,0,488928,6941544,1.0,
73,585212,0,488928,7808131,1.0,
74,585212,0,461129,26666324,1.0,
75,585212,1,534034,8142014,1.0,4.0
76,585212,1,534034,8850337,1.0,4.0
77,509362,1,644830,24286329,1.0,4.0
78,509362,0,585212,22127278,1.0,
79,509362,1,545018,16341915,1.0,4.0
80,509362,0,570191,3036234,1.0,
81,509362,0,554368,1645820,1.0,
82,509362,1,558922,20154773,1.0,4.0
83,509362,1,509364,24722669,1.0,4.0
84,462278,1,644830,22401046,1.0,5.0
85,462278,1,585212,30102337,1.0,5.0
86,462278,0,509362,3332228,1.0,
87,462278,0,462278,9447286,1.0,
88,462278,0,462278,21430573,1.0,
89,462278,1,462278,1166030,1.0,5.0
90,462278,0,494254,14518337,1.0,
91,462278,1,494254,23589602,1.0,5.0
92,462278,1,570191,3823024,1.0,5.0
93,462278,0,570191,22827561,1.0,
94,462278,1,572992,26008118,1.0,5.0
95,462278,0,572992,27017016,1.0,
96,462278,0,614387,1927023,1.0,
97,462278,1,614387,12544564,1.0,5.0
98,462278,1,614387,12587828,1.0,5.0
99,462278,1,469276,11665322,1.0,5.0
100,462278,1,462691,13680854,1.0,5.0
101,462278,1,462691,26639730,1.0,5.0
102,462278,0,462691,18350393,1.0,
103,462278,0,462691,18666617,1.0,
104,462278,1,590206,3483414,1.0,5.0
105,462278,1,590206,9601713,1.0,5.0
106,462278,0,488673,7006005,1.0,
107,462278,1,488673,7664775,1.0,5.0
108,462278,0,488673,15554457,1.0,
109,462278,1,554368,100932,1.0,5.0
110,462278,1,554368,7532666,1.0,5.0
111,462278,1,554368,28132058,1.0,5.0
112,462278,1,554368,9504380,1.0,5.0
113,462278,0,554368,28258537,1.0,
114,462278,0,554368,24208380,1.0,
115,462278,0,478080,14831087,1.0,
116,462278,1,594292,3932480,1.0,5.0
117,462278,1,516863,14873818,1.0,5.0
118,462278,1,516863,11838252,1.0,5.0
119,462278,0,478093,19451755,1.0,
120,462278,1,574889,2346857,1.0,5.0
121,462278,1,477422,17237933,1.0,5.0
122,462278,0,468754,29217745,1.0,
123,462278,0,468754,4161067,1.0,
124,551022,0,585212,9945127,1.0,
125,545018,1,644830,27488480,1.0,4.0
126,545018,0,494254,12252045,1.0,
127,545018,1,570191,16942514,1.0,4.0
128,545018,0,570191,24797729,1.0,
129,545018,0,462691,9969300,1.0,
130,545018,1,462691,25257616,1.0,4.0
131,545018,0,516863,16689067,1.0,
132,545018,1,606698,21615845,1.0,4.0
133,494254,1,644830,18671773,1.0,4.0
134,494254,1,462278,4414837,1.0,4.0
135,494254,0,462278,8999897,1.0,
136,494254,1,462278,16505080,1.0,4.0
137,494254,1,462278,17116324,1.0,4.0
138,494254,1,462278,26798403,1.0,4.0
139,494254,0,581145,6852177,1.0,
140,494254,0,570191,4762258,1.0,
141,494254,0,570191,5481047,1.0,
142,494254,0,570191,9514262,1.0,
143,494254,1,570191,18335536,1.0,4.0
144,494254,0,570191,21182299,1.0,
145,494254,0,570191,24375759,1.0,
146,494254,1,570191,18234758,1.0,4.0
147,494254,1,570191,18286144,1.0,4.0
148,494254,0,572992,28094187,1.0,
149,494254,1,469276,8052028,1.0,4.0
150,494254,0,469276,19148037,1.0,
151,494254,1,469276,20151051,1.0,4.0
152,494254,1,462691,102609,1.0,4.0
153,494254,1,462691,7346710,1.0,4.0
154,494254,0,462691,18231912,1.0,
155,494254,1,462691,18492874,1.0,4.0
156,494254,0,462691,21627359,1.0,
157,494254,0,462691,12640814,1.0,
158,494254,1,554368,1074577,1.0,4.0
159,494254,1,554368,3469726,1.0,4.0
160,494254,0,554368,17978414,1.0,
161,494254,1,554368,18924536,1.0,4.0
162,494254,1,554368,23520290,1.0,4.0
163,494254,1,554368,28260386,1.0,4.0
164,494254,1,554368,30507848,1.0,4.0
165,494254,0,554368,31137351,1.0,
166,494254,0,516863,4193941,1.0,
167,494254,1,516863,20171539,1.0,4.0
168,494254,0,579271,10317341,1.0,
169,494254,1,618893,30936716,1.0,4.0
170,494254,0,518223,25925979,1.0,
171,494254,0,606698,17298407,1.0,
172,581145,0,644830,518635,1.0,
173,581145,0,585212,8930444,1.0,
174,581145,1,462691,25937651,1.0,5.0
175,581145,1,462691,25892710,1.0,5.0
176,581145,1,554368,21819052,1.0,5.0
177,581145,1,554368,7381490,1.0,5.0
178,570191,1,644830,27395285,1.0,1.0
179,570191,1,585212,7005255,1.0,1.0
180,570191,1,509362,1572048,1.0,1.0
181,570191,1,462278,26958953,1.0,1.0
182,570191,1,462278,23342091,1.0,1.0
183,570191,0,462278,24543399,1.0,
184,570191,1,551022,16976234,1.0,1.0
185,570191,0,494254,14708885,1.0,
186,570191,0,494254,19271189,1.0,
187,570191,1,494254,21032958,1.0,1.0
188,570191,1,581145,4329190,1.0,1.0
189,570191,0,570191,14185595,1.0,
190,570191,0,570191,5745748,1.0,
191,570191,1,570191,10571881,1.0,1.0
192,570191,0,570191,18426991,1.0,
193,570191,0,572992,21105789,1.0,
194,570191,0,469276,6689361,1.0,
195,570191,1,518460,98666,1.0,1.0
196,570191,0,590206,24977572,1.0,
197,570191,1,468900,13567690,1.0,1.0
198,570191,0,468900,20942659,1.0,
199,570191,0,554368,9872063,1.0,
200,570191,0,554368,6757734,1.0,
201,570191,1,554368,27913330,1.0,1.0
202,570191,0,554368,4673923,1.0,
203,570191,0,554368,1915643,1.0,
204,570191,0,554368,21531552,1.0,
205,570191,1,554368,646249,1.0,1.0
206,570191,0,554368,5492186,1.0,
207,570191,1,554368,18364802,1.0,1.0
208,570191,0,554368,3474512,1.0,
209,570191,0,554368,27982482,1.0,
210,570191,1,554368,1924746,1.0,1.0
211,570191,0,554368,10238426,1.0,
212,570191,1,554368,18782340,1.0,1.0
213,570191,1,516863,20340759,1.0,1.0
214,570191,0,488928,23514865,1.0,
215,570191,0,583598,7266355,1.0,
216,570191,1,535029,15906255,1.0,1.0
217,570191,1,496041,10291901,1.0,1.0
218,570191,1,496041,24544084,1.0,1.0
219,570191,1,646548,3736267,1.0,1.0
220,570191,1,618893,25370297,1.0,1.0
221,570191,0,607147,6591608,1.0,
222,570191,0,480366,23007001,1.0,
223,570191,1,635458,1476602,1.0,1.0
224,570191,1,558922,26496723,1.0,1.0
225,570191,1,558922,28830626,1.0,1.0
226,570191,1,558922,28868320,1.0,1.0
227,570191,0,606698,8208728,1.0,
228,572992,1,644830,18583612,1.0,2.0
229,572992,0,585212,28016671,1.0,
230,572992,0,570191,5459787,1.0,
231,572992,0,462691,31386016,1.0,
232,572992,1,554368,9803108,1.0,2.0
233,572992,0,554368,29737186,1.0,
234,572992,1,554368,25844417,1.0,2.0
235,572992,0,554368,2632603,1.0,
236,572992,1,554368,8906343,1.0,2.0
237,572992,0,554368,25781914,1.0,
238,572992,1,554368,25913424,1.0,2.0
239,572992,1,643353,6252309,1.0,2.0
240,614387,1,644830,5746807,1.0,2.0
241,614387,1,545018,28534713,1.0,2.0
242,614387,1,570191,13151565,1.0,2.0
243,614387,1,570191,17555427,1.0,2.0
244,614387,0,570191,19451757,1.0,
245,614387,0,570191,28351213,1.0,
246,614387,0,572992,28114332,1.0,
247,614387,0,469276,3501287,1.0,
248,614387,1,462691,8829641,1.0,2.0
249,614387,0,462691,19833627,1.0,
250,614387,1,468900,10480959,1.0,2.0
251,614387,0,554368,1296019,1.0,
252,614387,1,554368,2162652,1.0,2.0
253,614387,1,554368,3384950,1.0,2.0
254,614387,0,554368,6259801,1.0,
255,614387,1,554368,11788567,1.0,2.0
256,614387,0,554368,13046447,1.0,
257,614387,0,554368,13571971,1.0,
258,614387,0,554368,25618939,1.0,
259,614387,0,554368,31197002,1.0,
260,614387,1,554368,7801766,1.0,2.0
261,469276,0,585212,5622659,1.0,
262,469276,1,509362,24711281,1.0,1.0
263,469276,1,570191,9448840,1.0,1.0
264,469276,1,570191,13504372,1.0,1.0
265,469276,1,554368,2446241,1.0,1.0
266,469276,1,554368,7368441,1.0,1.0
267,469276,0,516863,15682126,1.0,
268,469276,0,488928,7287251,1.0,
269,469276,0,469138,1213252,1.0,
270,469276,1,561603,5901010,1.0,1.0
271,518460,0,644830,29054875,1.0,
272,518460,0,585212,23073872,1.0,
273,518460,1,509362,27227885,1.0,2.0
274,518460,0,570191,22834049,1.0,
275,518460,1,570191,5443228,1.0,2.0
276,518460,0,638684,5896284,1.0,
277,462691,0,644830,17637301,1.0,
278,462691,0,644830,22844097,1.0,
279,462691,0,585212,4105277,1.0,
280,462691,1,462278,12972583,1.0,4.0
281,462691,0,462278,9001453,1.0,
282,462691,1,462278,28171810,1.0,4.0
283,462691,1,462278,3168547,1.0,4.0
284,462691,1,462278,14954386,1.0,4.0
285,462691,0,462278,27003877,1.0,
286,462691,1,494254,7175153,1.0,4.0
287,462691,1,494254,21184576,1.0,4.0
288,462691,1,570191,8228313,1.0,4.0
289,462691,1,570191,11166504,1.0,4.0
290,462691,1,570191,5826975,1.0,4.0
291,462691,1,570191,20348126,1.0,4.0
292,462691,0,570191,31114517,1.0,
293,462691,0,570191,9677290,1.0,
294,462691,1,572992,3503084,1.0,4.0
295,462691,1,614387,14527472,1.0,4.0
296,462691,0,462691,30252756,1.0,
297,462691,0,462691,31363235,1.0,
298,462691,1,462691,6226692,1.0,4.0
299,462691,1,462691,22756725,1.0,4.0
300,462691,1,468900,14617507,1.0,4.0
301,462691,1,554368,16942232,1.0,4.0
302,462691,1,554368,26107258,1.0,4.0
303,462691,1,554368,18061383,1.0,4.0
304,462691,0,554368,3547491,1.0,
305,462691,0,554368,26821808,1.0,
306,462691,0,554368,20563801,1.0,
307,462691,1,554368,22035799,1.0,4.0
308,462691,0,554368,16453479,1.0,
309,462691,0,554368,16374030,1.0,
310,462691,1,554368,24144530,1.0,4.0
311,462691,0,554368,23341807,1.0,
312,462691,1,594292,7123070,1.0,4.0
313,462691,1,478093,23369363,1.0,4.0
314,462691,1,478093,20244489,1.0,4.0
315,462691,0,574889,20477567,1.0,
316,462691,1,469138,25058022,1.0,4.0
317,462691,0,463277,22391939,1.0,
318,462691,1,645755,17023709,1.0,4.0
319,462691,1,480366,14353822,1.0,4.0
320,462691,0,480366,22092006,1.0,
321,462691,0,558922,26542121,1.0,
322,462691,1,558922,8253268,1.0,4.0
323,462691,1,558922,11503001,1.0,4.0
324,462691,0,523968,19897795,1.0,
325,567506,1,644830,10890599,1.0,4.0
326,567506,1,585212,12415634,1.0,4.0
327,567506,1,516863,8649261,1.0,4.0
328,567506,1,469138,8490977,1.0,4.0
329,590206,0,644830,12183644,1.0,
330,590206,1,585212,25151667,1.0,0.0
331,590206,1,581145,4700941,1.0,0.0
332,590206,1,570191,4771232,1.0,0.0
333,590206,0,570191,10902027,1.0,
334,590206,0,462691,5993298,1.0,
335,590206,1,462691,8660184,1.0,0.0
336,590206,1,462691,28858846,1.0,0.0
337,590206,0,554368,3846089,1.0,
338,590206,1,554368,3921526,1.0,0.0
339,590206,0,554368,22570568,1.0,
340,590206,1,554368,23690123,1.0,0.0
341,590206,1,554368,27481012,1.0,0.0
342,590206,0,554368,29220615,1.0,
343,590206,0,488928,18756300,1.0,
344,590206,0,488928,22524059,1.0,
345,590206,0,469138,30117613,1.0,
346,590206,0,528352,4258005,1.0,
347,590206,1,523968,8906431,1.0,0.0
348,494412,0,644830,19799696,1.0,
349,494412,1,585212,27146730,1.0,2.0
350,494412,0,570191,9006604,1.0,
351,494412,0,554368,22479027,1.0,
352,494412,0,594292,26044594,1.0,
353,468900,1,644830,22612008,1.0,2.0
354,468900,0,644830,23260335,1.0,
355,468900,0,585212,14883535,1.0,
356,468900,1,509362,2459520,1.0,2.0
357,468900,1,462278,5799084,1.0,2.0
358,468900,1,545018,6665330,1.0,2.0
359,468900,0,570191,13067519,1.0,
360,468900,0,462691,1213609,1.0,
361,468900,0,462691,2179807,1.0,
362,468900,1,462691,3118691,1.0,2.0
363,468900,1,567506,1497623,1.0,2.0
364,468900,1,554368,6085482,1.0,2.0
365,468900,0,554368,11691906,1.0,
366,468900,1,554368,17892032,1.0,2.0
367,468900,1,554368,27052936,1.0,2.0
368,468900,1,594292,3133823,1.0,2.0
369,468900,1,461129,28965059,1.0,2.0
370,468900,1,461129,28938352,1.0,2.0
371,468900,0,482646,2424295,1.0,
372,468900,0,518223,17808997,1.0,
373,468900,1,603824,22564819,1.0,2.0
374,468900,1,606698,5226145,1.0,2.0
375,488673,1,644830,1408642,1.0,3.0
376,488673,1,644830,23884065,1.0,3.0
377,488673,0,585212,626599,1.0,
378,488673,1,509362,27075213,1.0,3.0
379,488673,1,462278,9255894,1.0,3.0
380,488673,0,462278,15555992,1.0,
381,488673,0,462278,22148112,1.0,
382,488673,1,462278,29906217,1.0,3.0
383,488673,0,570191,9775975,1.0,
384,488673,1,570191,23453311,1.0,3.0
385,488673,1,570191,25438274,1.0,3.0
386,488673,0,570191,25586732,1.0,
387,488673,0,469276,22817531,1.0,
388,488673,0,554368,4598447,1.0,
389,488673,1,554368,19878353,1.0,3.0
390,488673,1,554368,20005013,1.0,3.0
391,488673,1,516863,4774835,1.0,3.0
392,488673,0,478093,17595301,1.0,
393,488673,1,477422,18682588,1.0,3.0
394,488673,0,558922,19463548,1.0,
395,554368,0,585212,27608698,1.0,
396,554368,1,509362,25454411,1.0,4.0
397,554368,1,509362,21362235,1.0,4.0
398,554368,1,462278,1755737,1.0,4.0
399,554368,0,462278,8766980,1.0,
400,554368,1,462278,25184214,1.0,4.0
401,554368,1,462278,29826920,1.0,4.0
402,554368,0,462278,7964518,1.0,
403,554368,0,462278,11451040,1.0,
404,554368,1,494254,6504310,1.0,4.0
405,554368,1,494254,7349407,1.0,4.0
406,554368,1,494254,11270242,1.0,4.0
407,554368,0,494254,11411556,1.0,
408,554368,1,494254,11676050,1.0,4.0
409,554368,1,494254,13086010,1.0,4.0
410,554368,1,494254,29226966,1.0,4.0
411,554368,1,494254,21863544,1.0,4.0
412,554368,1,494254,21896551,1.0,4.0
413,554368,1,581145,17310656,1.0,4.0
414,554368,1,570191,1643851,1.0,4.0
415,554368,1,570191,18587916,1.0,4.0
416,554368,1,570191,14969098,1.0,4.0
417,554368,1,570191,5879154,1.0,4.0
418,554368,0,570191,3469942,1.0,
419,554368,0,570191,10739011,1.0,
420,554368,0,570191,13568189,1.0,
421,554368,0,572992,6077599,1.0,
422,554368,1,614387,15780022,1.0,4.0
423,554368,0,614387,17366454,1.0,
424,554368,1,518460,25164193,1.0,4.0
425,554368,1,462691,13683622,1.0,4.0
426,554368,0,462691,3289528,1.0,
427,554368,1,462691,5284222,1.0,4.0
428,554368,0,462691,24727575,1.0,
429,554368,1,462691,11109639,1.0,4.0
430,554368,1,462691,354856,1.0,4.0
431,554368,1,462691,13942426,1.0,4.0
432,554368,0,462691,15688124,1.0,
433,554368,1,462691,13750526,1.0,4.0
434,554368,0,567506,17659110,1.0,
435,554368,1,567506,20132490,1.0,4.0
436,554368,1,590206,2942679,1.0,4.0
437,554368,1,590206,3635758,1.0,4.0
438,554368,1,590206,5198087,1.0,4.0
439,554368,1,590206,6569302,1.0,4.0
440,554368,1,468900,105355,1.0,4.0
441,554368,0,468900,6772014,1.0,
442,554368,0,468900,27048625,1.0,
443,554368,0,488673,1950001,1.0,
444,554368,1,488673,13502430,1.0,4.0
445,554368,1,488673,21273871,1.0,4.0
446,554368,1,488673,25410517,1.0,4.0
447,554368,1,554368,7804399,1.0,4.0
448,554368,1,554368,29039040,1.0,4.0
449,554368,0,554368,14356131,1.0,
450,554368,0,554368,26886659,1.0,
451,554368,1,554368,2352347,1.0,4.0
452,554368,1,554368,15302217,1.0,4.0
453,554368,0,554368,25073293,1.0,
454,554368,1,554368,25941059,1.0,4.0
455,554368,1,554368,27058804,1.0,4.0
456,554368,1,554368,12448778,1.0,4.0
457,554368,1,554368,19618960,1.0,4.0
458,554368,0,554368,2627104,1.0,
459,554368,1,554368,7890511,1.0,4.0
460,554368,1,554368,12271154,1.0,4.0
461,554368,1,554368,25149961,1.0,4.0
462,554368,1,554368,12964814,1.0,4.0
463,554368,1,554368,3817237,1.0,4.0
464,554368,0,554368,2004449,1.0,
465,554368,1,554368,20231056,1.0,4.0
466,554368,1,554368,22771843,1.0,4.0
467,554368,0,554368,8126220,1.0,
468,554368,1,554368,15986674,1.0,4.0
469,554368,1,554368,14603055,1.0,4.0
470,554368,1,554368,2976558,1.0,4.0
471,554368,1,554368,16418404,1.0,4.0
472,554368,1,554368,6225025,1.0,4.0
473,554368,1,554368,18679785,1.0,4.0
474,554368,1,554368,17632114,1.0,4.0
475,554368,1,554368,25891841,1.0,4.0
476,554368,1,554368,16417434,1.0,4.0
477,554368,1,594292,19132075,1.0,4.0
478,554368,1,594292,4790808,1.0,4.0
479,554368,0,594292,20742307,1.0,
480,554368,1,516863,13915896,1.0,4.0
481,554368,0,516863,14978188,1.0,
482,554368,0,516863,357320,1.0,
483,554368,1,516863,13801128,1.0,4.0
484,554368,0,478093,30605029,1.0,
485,554368,0,478093,24459874,1.0,
486,554368,0,488928,10604557,1.0,
487,554368,1,574889,27330729,1.0,4.0
488,554368,0,574889,28526412,1.0,
489,554368,1,569775,28521604,1.0,4.0
490,554368,0,569775,12018962,1.0,
491,554368,1,501111,30288002,1.0,4.0
492,554368,0,501111,22809604,1.0,
493,554368,0,583598,16443740,1.0,
494,554368,1,643353,8220968,1.0,4.0
495,554368,1,491352,23007486,1.0,4.0
496,554368,1,461129,16890846,1.0,4.0
497,554368,0,469138,15569458,1.0,
498,554368,1,572724,12743656,1.0,4.0
499,554368,1,572724,24813015,1.0,4.0
500,554368,0,572724,30588299,1.0,
501,554368,1,535029,29611546,1.0,4.0
502,554368,1,463277,275602,1.0,4.0
503,554368,0,561612,18419594,1.0,
504,554368,1,561612,22363841,1.0,4.0
505,554368,1,561612,31364454,1.0,4.0
506,554368,1,496041,20146856,1.0,4.0
507,554368,1,644179,8499653,1.0,4.0
508,554368,1,579271,15214359,1.0,4.0
509,554368,0,646548,2856682,1.0,
510,554368,1,646548,3040853,1.0,4.0
511,554368,0,646548,29485130,1.0,
512,554368,1,618893,727121,1.0,4.0
513,554368,0,607147,5721814,1.0,
514,554368,1,558922,19531212,1.0,4.0
515,554368,1,558922,6341817,1.0,4.0
516,554368,1,558922,11158816,1.0,4.0
517,554368,1,558922,25250893,1.0,4.0
518,554368,0,606698,23084687,1.0,
519,554368,1,509364,25159254,1.0,4.0
520,554368,1,534034,1392064,1.0,4.0
521,478080,0,644830,6921644,1.0,
522,478080,0,585212,1818333,1.0,
523,478080,0,509362,24897116,1.0,
524,478080,1,462278,9943581,1.0,0.0
525,478080,1,572992,19373939,1.0,0.0
526,478080,1,554368,2522851,1.0,0.0
527,478080,0,554368,4456803,1.0,
528,478080,1,554368,26051805,1.0,0.0
529,478080,1,469138,29582654,1.0,0.0
530,594292,0,644830,1922420,1.0,
531,594292,1,585212,3143422,1.0,3.0
532,594292,1,494254,30181811,1.0,3.0
533,594292,1,462691,7440309,1.0,3.0
534,594292,1,558922,24453751,1.0,3.0
535,516863,1,585212,20053255,1.0,3.0
536,516863,1,585212,20036538,1.0,3.0
537,516863,1,494254,25436201,1.0,3.0
538,516863,1,614387,25669440,1.0,3.0
539,516863,0,501111,19624553,1.0,
540,516863,1,469138,10292093,1.0,3.0
541,516863,1,646548,2851218,1.0,3.0
542,516863,1,518223,19631736,1.0,3.0
543,516863,0,523968,475609,1.0,
544,478093,1,644830,26977014,1.0,1.0
545,478093,0,585212,17848803,1.0,
546,478093,1,570191,24377087,1.0,1.0
547,478093,1,570191,9102361,1.0,1.0
548,478093,0,462691,19770977,1.0,
549,478093,1,554368,14665331,1.0,1.0
550,478093,1,554368,19627379,1.0,1.0
551,478093,1,554368,31328691,1.0,1.0
552,478093,1,554368,30696997,1.0,1.0
553,478093,0,554368,22832405,1.0,
554,478093,1,554368,31220064,1.0,1.0
555,478093,1,496041,11162923,1.0,1.0
556,478093,0,558922,25080040,1.0,
557,488928,0,585212,5720004,1.0,
558,488928,0,585212,6002958,1.0,
559,488928,0,585212,6359006,1.0,
560,488928,0,585212,6703224,1.0,
561,488928,0,585212,7127283,1.0,
562,488928,0,570191,15072503,1.0,
563,488928,1,638684,19801804,1.0,1.0
564,488928,1,638684,19911540,1.0,1.0
565,475195,1,488673,23787742,1.0,4.0
566,475195,1,554368,24403860,1.0,4.0
567,475195,0,554368,7263937,1.0,
568,574889,1,462278,11435939,1.0,4.0
569,574889,1,570191,3383046,1.0,4.0
570,574889,0,570191,13837274,1.0,
571,574889,1,462691,5107701,1.0,4.0
572,574889,0,462691,5114929,1.0,
573,574889,0,644179,8149681,1.0,
574,501111,1,462278,28028880,1.0,4.0
575,501111,1,554368,1900812,1.0,4.0
576,501111,0,496041,27325832,1.0,
577,501111,1,535275,30685868,1.0,4.0
578,583598,1,462278,28879038,1.0,4.0
579,643353,1,462691,8395951,1.0,4.0
580,643353,0,572724,28873832,1.0,
581,512759,0,570191,271241,1.0,
582,477102,0,462278,22499159,1.0,
583,461129,0,554368,19883422,1.0,
584,461129,1,554368,15120927,1.0,4.0
585,469138,0,554368,29642121,1.0,
586,469138,0,478093,21780726,1.0,
587,469138,0,618893,30540250,1.0,
588,572724,0,509362,21978739,1.0,
589,572724,0,462278,28607525,1.0,
590,572724,1,554368,31495518,1.0,4.0
591,535029,1,462278,17918405,1.0,4.0
592,535029,1,494254,23331611,1.0,4.0
593,535029,1,462691,28442981,1.0,4.0
594,535029,0,554368,9546860,1.0,
595,535029,1,554368,17028943,1.0,4.0
596,535029,0,516863,14569260,1.0,
597,535029,0,477422,380902,1.0,
598,535029,0,606698,867938,1.0,
599,561612,1,462278,25501220,1.0,4.0
600,561612,1,570191,8652557,1.0,4.0
601,561612,1,554368,1828806,1.0,4.0
602,561612,0,554368,7796558,1.0,
603,561612,0,554368,14806846,1.0,
604,561612,0,554368,23101206,1.0,
605,645755,1,462278,2521208,1.0,4.0
606,645755,1,570191,2511389,1.0,4.0
607,645755,1,462691,5381899,1.0,4.0
608,645755,1,554368,9680900,1.0,4.0
609,645755,0,554368,11345759,1.0,
610,645755,0,554368,17669299,1.0,
611,645755,0,554368,21528774,1.0,
612,645755,0,554368,26359041,1.0,
613,645755,1,554368,28475284,1.0,4.0
614,645755,1,516863,12462674,1.0,4.0
615,645755,1,516863,12382616,1.0,4.0
616,645755,0,518223,6238654,1.0,
617,496041,0,462278,21105597,1.0,
618,496041,0,570191,26096401,1.0,
619,496041,0,572992,9955855,1.0,
620,496041,1,469276,12121931,1.0,4.0
621,496041,1,462691,10819766,1.0,4.0
622,496041,1,554368,3738342,1.0,4.0
623,496041,0,516863,24572704,1.0,
624,496041,0,618893,25858569,1.0,
625,644179,0,462278,31472306,1.0,
626,644179,1,561603,15926649,1.0,4.0
627,477422,1,468900,10908591,1.0,4.0
628,579271,1,545018,26805478,1.0,4.0
629,579271,0,572992,12012854,1.0,
630,646548,1,462278,4172205,1.0,4.0
631,646548,0,570191,17034493,1.0,
632,646548,1,554368,2002542,1.0,4.0
633,646548,1,554368,14601617,1.0,4.0
634,646548,1,554368,27043831,1.0,4.0
635,646548,0,572724,19374129,1.0,
636,646548,0,535029,7609227,1.0,
637,646548,0,606698,18748833,1.0,
638,468754,1,554368,12015599,1.0,4.0
639,618893,1,570191,1430108,1.0,3.0
640,618893,0,516863,30711791,1.0,
641,502823,0,469276,17475845,1.0,
642,502823,0,590206,28003690,1.0,
643,502823,0,478093,8654452,1.0,
644,518223,1,462278,25169417,1.0,4.0
645,518223,1,554368,23090643,1.0,4.0
646,607147,1,574889,14100025,1.0,4.0
647,480366,0,570191,18576013,1.0,
648,480366,0,462691,24290443,1.0,
649,480366,0,554368,15812656,1.0,
650,480366,1,554368,22325080,1.0,4.0
651,480366,1,516863,6094772,1.0,4.0
652,635458,1,462278,8035213,1.0,4.0
653,635458,0,554368,22706410,1.0,
654,561603,1,570191,24990052,1.0,4.0
655,561603,1,554368,1687674,1.0,4.0
656,528352,0,581145,29566025,1.0,
657,612840,0,509362,4246851,1.0,
658,612840,1,468900,22315011,1.0,4.0
659,558922,0,570191,16426127,1.0,
660,558922,1,570191,27748270,1.0,4.0
661,558922,1,462691,15902446,1.0,4.0
662,558922,0,462691,30594984,1.0,
663,558922,1,554368,10215740,1.0,4.0
664,558922,1,554368,13580376,1.0,4.0
665,558922,0,554368,13602074,1.0,
666,558922,1,554368,19368474,1.0,4.0
667,558922,1,554368,25407102,1.0,4.0
668,558922,1,554368,29550083,1.0,4.0
669,558922,0,594292,25510816,1.0,
670,558922,0,569775,29318023,1.0,
671,558922,0,645755,9884749,1.0,
672,558922,0,645755,11427844,1.0,
673,558922,1,603824,12535191,1.0,4.0
674,535275,1,554368,20930407,1.0,4.0
675,603824,1,462278,19100156,1.0,4.0
676,606698,1,462278,14269365,1.0,4.0
677,606698,1,570191,27058378,1.0,4.0
678,606698,1,572992,24387500,1.0,4.0
679,606698,0,554368,7319187,1.0,
680,606698,0,554368,24923578,1.0,
681,606698,1,569775,10478211,1.0,4.0
682,606698,1,638684,17406987,1.0,4.0
683,606698,1,463277,29039699,1.0,4.0
684,606698,1,480366,7281984,1.0,4.0
685,606698,1,612840,6657638,1.0,4.0
686,523968,0,462278,15644706,1.0,
687,509364,1,581145,18836528,1.0,4.0
688,509364,1,462691,24473569,1.0,4.0
689,509364,1,488673,31227123,1.0,4.0
690,509364,0,554368,11841493,1.0,
691,509364,1,594292,22326054,1.0,4.0
692,509364,0,516863,17636846,1.0,
693,509364,0,516863,22399700,1.0,
694,534034,0,585212,5906427,1.0,
695,534034,0,462691,25707882,1.0,
703,644830,2,487668,13302589,958.0,
704,585212,3,487668,13302589,958.0,
705,644830,2,487668,14314933,213.0,
706,585212,3,487668,14314933,213.0,
707,644830,2,487668,15936004,276.0,
708,585212,3,487668,15936004,276.0,
709,644830,2,487668,16227037,245.0,
710,585212,3,487668,16227037,245.0,
711,644830,2,487668,17764060,213.0,
712,585212,3,487668,17764060,213.0,
713,644830,2,487668,18425192,581.0,
714,585212,3,487668,18425192,581.0,
715,644830,2,487668,20170502,209.0,
716,585212,3,487668,20170502,209.0,
717,488928,5,503218,31536000,618.86,
718,488928,5,630626,31536000,7091.58,
719,488928,5,536346,31536000,1106.18,
720,488928,5,520660,31536000,2655.89,
721,552988,5,488928,31536000,20518.6,
722,488928,5,567195,31536000,4060.69,
723,488928,5,527449,31536000,77.62,
724,488928,5,459381,31536000,355.15,
725,488928,5,595298,31536000,1888.31,
726,488928,5,466907,31536000,320.76,
727,488928,5,606730,31536000,773.91,
728,488928,5,577992,31536000,6.5,
729,488928,5,537281,31536000,25.88,
730,488928,5,523927,31536000,1681.76,
731,488928,5,580426,31536000,532.08,
732,488928,5,616315,31536000,208.72,
733,488928,5,503701,31536000,1713.46,
734,488928,5,644226,31536000,1199.93,
735,488928,5,632961,31536000,456.15,
736,488928,5,473173,31536000,226.36,
737,620120,5,488928,31536000,164.14,
738,488928,5,575030,31536000,1944.15,
739,488928,5,621924,31536000,748.17,
740,482646,5,640784,31536000,19.87,
741,482646,5,630626,31536000,2392.72,
742,510031,5,482646,31536000,263.02,
743,552988,5,482646,31536000,8557.02,
744,482646,5,567195,31536000,900.35,
745,482646,5,527449,31536000,180.0,
746,482646,5,459381,31536000,61.39,
747,482646,5,595298,31536000,1082.45,
748,482646,5,589943,31536000,932.77,
749,482646,5,577992,31536000,734.03,
750,482646,5,537281,31536000,344.31,
751,482646,5,523927,31536000,987.64,
752,482646,5,595581,31536000,342.82,
753,482646,5,642329,31536000,253.62,
754,482646,5,503701,31536000,650.33,
755,482646,5,632961,31536000,207.45,
756,482646,5,473173,31536000,819.62,
757,620120,5,482646,31536000,201.19,
758,482646,5,575030,31536000,2294.41,
759,482646,5,621924,31536000,94.02,
760,502823,5,640784,31536000,179.64,
761,502823,5,630626,31536000,3824.68,
762,552988,5,502823,31536000,16171.3,
763,502823,5,527449,31536000,111.74,
764,502823,5,459381,31536000,34.78,
765,502823,5,595298,31536000,835.54,
766,502823,5,466907,31536000,448.7,
767,502823,5,577992,31536000,665.27,
768,502823,5,537281,31536000,246.15,
769,502823,5,523927,31536000,884.38,
770,502823,5,580426,31536000,274.59,
771,502823,5,616315,31536000,695.68,
772,502823,5,642329,31536000,489.7,
773,502823,5,503701,31536000,67.5,
774,502823,5,571970,31536000,47.8,
775,502823,5,632961,31536000,149.41,
776,502823,5,473173,31536000,779.06,
777,502823,5,620120,31536000,2579.72,
778,502823,5,575030,31536000,2066.56,
779,502823,5,621924,31536000,310.35,
780,534034,5,503218,31536000,324.44,
781,552988,5,534034,31536000,6909.84,
782,534034,5,567195,31536000,98.42,
783,534034,5,527449,31536000,98.45,
784,534034,5,459381,31536000,217.43,
785,534034,5,595298,31536000,923.82,
786,534034,5,466907,31536000,331.89,
787,534034,5,589943,31536000,813.98,
788,534034,5,523927,31536000,7.09,
789,534034,5,580426,31536000,24.66,
790,534034,5,595581,31536000,243.16,
791,534034,5,642329,31536000,196.86,
792,534034,5,503701,31536000,519.34,
793,534034,5,571970,31536000,37.46,
794,534034,5,632961,31536000,159.21,
795,534034,5,473173,31536000,359.29,
796,534034,5,620120,31536000,383.24,
797,534034,5,621924,31536000,543.76,
798,494254,5,503218,31536000,272.66,
799,494254,5,630626,31536000,1212.08,
800,552988,5,494254,31536000,2009.75,
801,494254,5,567195,31536000,133.84,
802,494254,5,527449,31536000,122.55,
803,494254,5,459381,31536000,238.93,
804,494254,5,595298,31536000,248.49,
805,494254,5,466907,31536000,203.05,
806,494254,5,606730,31536000,257.67,
807,494254,5,589943,31536000,95.47,
808,494254,5,523927,31536000,375.52,
809,494254,5,580426,31536000,24.54,
810,494254,5,616315,31536000,177.78,
811,494254,5,642329,31536000,165.89,
812,494254,5,503701,31536000,424.69,
813,494254,5,571970,31536000,4.59,
814,494254,5,632961,31536000,21.58,
815,494254,5,473173,31536000,472.67,
816,494254,5,620120,31536000,956.44,
817,494254,5,575030,31536000,520.51,
818,494254,5,621924,31536000,286.61,
819,598500,5,536346,31536000,762.59,
820,510031,5,598500,31536000,296.75,
821,598500,5,520660,31536000,822.39,
822,552988,5,598500,31536000,7478.44,
823,598500,5,527449,31536000,108.74,
824,598500,5,459381,31536000,506.27,
825,598500,5,595298,31536000,2424.92,
826,598500,5,466907,31536000,654.94,
827,598500,5,606730,31536000,532.06,
828,598500,5,589943,31536000,1747.95,
829,598500,5,577992,31536000,1869.39,
830,598500,5,537281,31536000,377.6,
831,598500,5,580426,31536000,327.4,
832,598500,5,595581,31536000,2139.54,
833,598500,5,571970,31536000,86.01,
834,598500,5,644226,31536000,1507.82,
835,598500,5,632961,31536000,171.46,
836,598500,5,473173,31536000,2012.91,
837,598500,5,620120,31536000,1415.94,
838,598500,5,621924,31536000,904.89,
839,501111,5,630626,31536000,1207.47,
840,510031,5,501111,31536000,198.5,
841,552988,5,501111,31536000,7726.98,
842,501111,5,567195,31536000,151.79,
843,501111,5,527449,31536000,57.09,
844,501111,5,459381,31536000,362.51,
845,501111,5,595298,31536000,1570.18,
846,501111,5,466907,31536000,272.64,
847,501111,5,589943,31536000,1305.14,
848,501111,5,577992,31536000,1195.07,
849,501111,5,537281,31536000,445.71,
850,501111,5,523927,31536000,549.59,
851,501111,5,595581,31536000,208.11,
852,501111,5,642329,31536000,284.87,
853,501111,5,632961,31536000,387.54,
854,501111,5,473173,31536000,280.96,
855,501111,5,620120,31536000,899.68,
856,501111,5,621924,31536000,29.1,
857,583598,5,536346,31536000,825.22,
858,510031,5,583598,31536000,11.81,
859,552988,5,583598,31536000,13415.5,
860,583598,5,527449,31536000,128.33,
861,583598,5,459381,31536000,281.5,
862,583598,5,595298,31536000,1165.95,
863,583598,5,466907,31536000,201.47,
864,583598,5,589943,31536000,440.6,
865,583598,5,577992,31536000,711.94,
866,583598,5,537281,31536000,10.34,
867,583598,5,523927,31536000,98.54,
868,583598,5,580426,31536000,681.41,
869,583598,5,595581,31536000,1112.22,
870,583598,5,642329,31536000,48.49,
871,583598,5,503701,31536000,2050.44,
872,583598,5,571970,31536000,26.2,
873,583598,5,644226,31536000,970.13,
874,583598,5,632961,31536000,167.27,
875,583598,5,473173,31536000,701.32,
876,583598,5,620120,31536000,3069.8,
877,583598,5,575030,31536000,2400.13,
878,583598,5,621924,31536000,834.47,
879,561612,5,640784,31536000,293.64,
880,561612,5,630626,31536000,1828.17,
881,552988,5,561612,31536000,6597.43,
882,561612,5,567195,31536000,898.97,
883,561612,5,527449,31536000,140.08,
884,561612,5,459381,31536000,223.6,
885,561612,5,595298,31536000,668.72,
886,561612,5,466907,31536000,84.56,
887,561612,5,606730,31536000,202.75,
888,561612,5,589943,31536000,477.99,
889,561612,5,523927,31536000,1024.41,
890,561612,5,595581,31536000,219.54,
891,561612,5,616315,31536000,124.3,
892,561612,5,642329,31536000,198.25,
893,561612,5,503701,31536000,869.71,
894,561612,5,571970,31536000,46.95,
895,561612,5,632961,31536000,80.97,
896,561612,5,473173,31536000,1084.72,
897,561612,5,620120,31536000,828.62,
898,561612,5,575030,31536000,3554.14,
899,561612,5,621924,31536000,399.99,
900,477102,5,640784,31536000,19.4,
901,477102,5,630626,31536000,2741.63,
902,552988,5,477102,31536000,7598.39,
903,477102,5,567195,31536000,2622.29,
904,477102,5,527449,31536000,90.28,
905,477102,5,459381,31536000,188.14,
906,477102,5,595298,31536000,264.37,
907,477102,5,589943,31536000,681.03,
908,477102,5,537281,31536000,217.49,
909,477102,5,523927,31536000,467.84,
910,477102,5,580426,31536000,301.74,
911,477102,5,616315,31536000,465.64,
912,477102,5,571970,31536000,20.52,
913,477102,5,632961,31536000,26.02,
914,477102,5,473173,31536000,446.49,
915,477102,5,620120,31536000,914.76,
916,477102,5,575030,31536000,2317.14,
917,618893,5,640784,31536000,999.33,
918,618893,5,503218,31536000,467.78,
919,618893,5,630626,31536000,3801.42,
920,510031,5,618893,31536000,1021.97,
921,552988,5,618893,31536000,31325.6,
922,618893,5,567195,31536000,2624.41,
923,618893,5,527449,31536000,490.7,
924,618893,5,459381,31536000,460.53,
925,618893,5,595298,31536000,977.04,
926,618893,5,466907,31536000,421.82,
927,618893,5,589943,31536000,615.22,
928,618893,5,537281,31536000,403.39,
929,618893,5,523927,31536000,1993.51,
930,618893,5,616315,31536000,290.27,
931,618893,5,503701,31536000,3611.62,
932,618893,5,571970,31536000,58.17,
933,618893,5,473173,31536000,1046.14,
934,618893,5,620120,31536000,2971.53,
935,561603,5,640784,31536000,171.12,
936,561603,5,630626,31536000,853.98,
937,552988,5,561603,31536000,6385.43,
938,561603,5,567195,31536000,627.16,
939,561603,5,527449,31536000,12.62,
940,561603,5,459381,31536000,406.48,
941,561603,5,595298,31536000,948.86,
942,561603,5,466907,31536000,123.43,
943,561603,5,589943,31536000,504.54,
944,561603,5,577992,31536000,12.68,
945,561603,5,537281,31536000,426.05,
946,561603,5,580426,31536000,199.25,
947,561603,5,595581,31536000,469.67,
948,561603,5,642329,31536000,92.07,
949,561603,5,503701,31536000,581.06,
950,561603,5,571970,31536000,32.51,
951,561603,5,632961,31536000,154.74,
952,561603,5,473173,31536000,402.13,
953,620120,5,561603,31536000,647.06,
954,561603,5,575030,31536000,2763.63,
955,462691,5,536346,31536000,1955.64,
956,552988,5,462691,31536000,15834.2,
957,462691,5,567195,31536000,1167.6,
958,462691,5,527449,31536000,136.69,
959,462691,5,459381,31536000,199.96,
960,462691,5,595298,31536000,610.88,
961,462691,5,466907,31536000,179.64,
962,462691,5,589943,31536000,1880.55,
963,462691,5,577992,31536000,1297.18,
964,462691,5,537281,31536000,144.98,
965,462691,5,523927,31536000,570.0,
966,462691,5,580426,31536000,388.56,
967,462691,5,595581,31536000,247.23,
968,462691,5,616315,31536000,598.91,
969,462691,5,642329,31536000,7.09,
970,462691,5,503701,31536000,1998.23,
971,462691,5,644226,31536000,644.57,
972,462691,5,632961,31536000,130.07,
973,462691,5,473173,31536000,48.45,
974,462691,5,620120,31536000,1862.25,
975,462691,5,621924,31536000,632.43,
976,594292,5,640784,31536000,139.6,
977,594292,5,536346,31536000,1260.58,
978,510031,5,594292,31536000,706.97,
979,594292,5,520660,31536000,1183.08,
980,552988,5,594292,31536000,23720.1,
981,594292,5,567195,31536000,6098.26,
982,594292,5,527449,31536000,246.66,
983,594292,5,459381,31536000,407.92,
984,594292,5,595298,31536000,959.22,
985,594292,5,466907,31536000,799.46,
986,594292,5,577992,31536000,832.27,
987,594292,5,537281,31536000,47.58,
988,594292,5,523927,31536000,3613.13,
989,594292,5,580426,31536000,113.02,
990,594292,5,595581,31536000,871.55,
991,594292,5,642329,31536000,171.6,
992,594292,5,503701,31536000,1640.39,
993,594292,5,644226,31536000,2233.54,
994,594292,5,632961,31536000,121.13,
995,594292,5,473173,31536000,755.84,
996,594292,5,620120,31536000,3542.16,
997,594292,5,575030,31536000,6024.02,
998,493328,5,640784,31536000,157.99,
999,493328,5,536346,31536000,534.63,
1000,552988,5,493328,31536000,14737.3,
1001,493328,5,567195,31536000,102.58,
1002,493328,5,527449,31536000,1.38,
1003,493328,5,459381,31536000,349.49,
1004,493328,5,595298,31536000,42.48,
1005,493328,5,466907,31536000,503.85,
1006,493328,5,589943,31536000,1526.13,
1007,493328,5,577992,31536000,869.98,
1008,493328,5,537281,31536000,307.44,
1009,493328,5,523927,31536000,1923.52,
1010,493328,5,580426,31536000,681.11,
1011,493328,5,616315,31536000,376.43,
1012,493328,5,642329,31536000,299.33,
1013,493328,5,503701,31536000,2611.2,
1014,493328,5,571970,31536000,5.52,
1015,493328,5,644226,31536000,1001.47,
1016,493328,5,632961,31536000,522.5,
1017,493328,5,473173,31536000,1590.87,
1018,493328,5,620120,31536000,336.71,
1019,493328,5,575030,31536000,14271.5,
1020,493328,5,621924,31536000,708.88,
1021,551022,5,640784,31536000,311.67,
1022,551022,5,536346,31536000,633.85,
1023,510031,5,551022,31536000,198.78,
1024,551022,5,520660,31536000,1454.71,
1025,552988,5,551022,31536000,13678.2,
1026,551022,5,567195,31536000,1134.04,
1027,551022,5,527449,31536000,39.97,
1028,551022,5,459381,31536000,217.72,
1029,551022,5,595298,31536000,1136.28,
1030,551022,5,466907,31536000,225.38,
1031,551022,5,589943,31536000,868.26,
1032,551022,5,577992,31536000,564.22,
1033,551022,5,523927,31536000,689.17,
1034,551022,5,580426,31536000,288.54,
1035,551022,5,595581,31536000,1439.84,
1036,551022,5,642329,31536000,250.99,
1037,551022,5,503701,31536000,695.83,
1038,551022,5,571970,31536000,12.61,
1039,551022,5,644226,31536000,511.31,
1040,551022,5,632961,31536000,37.62,
1041,551022,5,473173,31536000,419.11,
1042,551022,5,620120,31536000,808.63,
1043,551022,5,575030,31536000,1728.78,
1044,551022,5,621924,31536000,142.47,
1045,494412,5,640784,31536000,351.09,
1046,494412,5,630626,31536000,4637.28,
1047,510031,5,494412,31536000,240.67,
1048,552988,5,494412,31536000,8830.63,
1049,494412,5,527449,31536000,383.58,
1050,494412,5,459381,31536000,514.54,
1051,494412,5,595298,31536000,4106.43,
1052,494412,5,466907,31536000,212.0,
1053,494412,5,589943,31536000,1213.7,
1054,494412,5,577992,31536000,788.79,
1055,494412,5,523927,31536000,18.51,
1056,494412,5,580426,31536000,230.3,
1057,494412,5,616315,31536000,1570.4,
1058,494412,5,503701,31536000,1173.39,
1059,494412,5,632961,31536000,477.91,
1060,494412,5,473173,31536000,376.85,
1061,494412,5,620120,31536000,810.73,
1062,518460,5,630626,31536000,4847.31,
1063,552988,5,518460,31536000,10961.4,
1064,518460,5,567195,31536000,1438.81,
1065,518460,5,527449,31536000,39.18,
1066,518460,5,459381,31536000,250.91,
1067,518460,5,595298,31536000,1054.06,
1068,518460,5,466907,31536000,347.47,
1069,518460,5,589943,31536000,349.73,
1070,518460,5,577992,31536000,380.26,
1071,518460,5,580426,31536000,544.24,
1072,518460,5,595581,31536000,317.05,
1073,518460,5,616315,31536000,726.56,
1074,518460,5,642329,31536000,379.63,
1075,518460,5,473173,31536000,2213.37,
1076,620120,5,518460,31536000,147.06,
1077,518460,5,575030,31536000,5630.4,
1078,614387,5,536346,31536000,1246.32,
1079,510031,5,614387,31536000,1826.4,
1080,552988,5,614387,31536000,28158.6,
1081,614387,5,527449,31536000,82.73,
1082,614387,5,459381,31536000,582.44,
1083,614387,5,595298,31536000,2956.59,
1084,614387,5,466907,31536000,752.68,
1085,614387,5,537281,31536000,84.08,
1086,614387,5,523927,31536000,1333.77,
1087,614387,5,642329,31536000,276.73,
1088,614387,5,503701,31536000,2575.76,
1089,614387,5,644226,31536000,583.29,
1090,614387,5,632961,31536000,493.53,
1091,614387,5,473173,31536000,1719.46,
1092,614387,5,620120,31536000,4877.39,
1093,614387,5,575030,31536000,3375.71,
1094,545018,5,536346,31536000,336.82,
1095,510031,5,545018,31536000,236.1,
1096,545018,5,520660,31536000,1246.85,
1097,552988,5,545018,31536000,4706.26,
1098,545018,5,567195,31536000,137.59,
1099,545018,5,527449,31536000,91.8,
1100,545018,5,459381,31536000,7.81,
1101,545018,5,595298,31536000,143.94,
1102,545018,5,466907,31536000,159.18,
1103,545018,5,589943,31536000,251.61,
1104,545018,5,577992,31536000,1164.78,
1105,545018,5,537281,31536000,28.49,
1106,545018,5,523927,31536000,1169.09,
1107,545018,5,595581,31536000,803.08,
1108,545018,5,616315,31536000,364.69,
1109,545018,5,503701,31536000,625.15,
1110,545018,5,644226,31536000,183.01,
1111,545018,5,632961,31536000,75.68,
1112,545018,5,473173,31536000,1364.53,
1113,545018,5,620120,31536000,1203.89,
1114,545018,5,621924,31536000,151.99,
1115,523968,5,536346,31536000,495.19,
1116,510031,5,523968,31536000,138.42,
1117,523968,5,520660,31536000,1976.16,
1118,552988,5,523968,31536000,11571.4,
1119,523968,5,567195,31536000,382.45,
1120,523968,5,527449,31536000,131.33,
1121,523968,5,459381,31536000,86.24,
1122,523968,5,595298,31536000,1356.87,
1123,523968,5,466907,31536000,196.31,
1124,523968,5,537281,31536000,335.38,
1125,523968,5,523927,31536000,964.53,
1126,523968,5,580426,31536000,450.9,
1127,523968,5,616315,31536000,454.93,
1128,523968,5,503701,31536000,236.18,
1129,523968,5,571970,31536000,58.71,
1130,523968,5,644226,31536000,430.03,
1131,523968,5,632961,31536000,21.66,
1132,523968,5,473173,31536000,182.21,
1133,523968,5,620120,31536000,1728.89,
1134,523968,5,575030,31536000,678.23,
1135,523968,5,621924,31536000,557.08,
1136,635458,5,536346,31536000,976.39,
1137,635458,5,520660,31536000,1331.69,
1138,552988,5,635458,31536000,24771.4,
1139,635458,5,567195,31536000,8676.58,
1140,635458,5,527449,31536000,166.84,
1141,635458,5,459381,31536000,223.26,
1142,635458,5,595298,31536000,985.4,
1143,635458,5,466907,31536000,97.33,
1144,635458,5,589943,31536000,2294.46,
1145,635458,5,577992,31536000,1403.02,
1146,635458,5,537281,31536000,61.85,
1147,635458,5,580426,31536000,3261.42,
1148,635458,5,595581,31536000,140.77,
1149,635458,5,616315,31536000,2302.97,
1150,635458,5,642329,31536000,967.07,
1151,635458,5,503701,31536000,2484.96,
1152,635458,5,571970,31536000,337.01,
1153,635458,5,644226,31536000,1205.95,
1154,635458,5,632961,31536000,386.5,
1155,635458,5,473173,31536000,90.49,
1156,635458,5,620120,31536000,8476.91,
1157,635458,5,575030,31536000,3929.83,
1158,635458,5,621924,31536000,13624.9,
1159,572724,5,536346,31536000,556.92,
1160,510031,5,572724,31536000,237.2,
1161,572724,5,520660,31536000,975.36,
1162,552988,5,572724,31536000,11737.8,
1163,572724,5,567195,31536000,576.46,
1164,572724,5,527449,31536000,110.67,
1165,572724,5,459381,31536000,147.82,
1166,572724,5,595298,31536000,936.23,
1167,572724,5,466907,31536000,215.77,
1168,572724,5,589943,31536000,1405.11,
1169,572724,5,537281,31536000,241.26,
1170,572724,5,523927,31536000,325.34,
1171,572724,5,580426,31536000,410.91,
1172,572724,5,595581,31536000,655.58,
1173,572724,5,616315,31536000,692.43,
1174,572724,5,642329,31536000,473.06,
1175,572724,5,503701,31536000,646.78,
1176,572724,5,571970,31536000,30.94,
1177,572724,5,644226,31536000,187.15,
1178,572724,5,632961,31536000,34.67,
1179,572724,5,473173,31536000,384.27,
1180,572724,5,620120,31536000,1045.07,
1181,572724,5,575030,31536000,936.81,
1182,572724,5,621924,31536000,56.39,
1183,478093,5,536346,31536000,359.52,
1184,510031,5,478093,31536000,1450.77,
1185,552988,5,478093,31536000,31922.8,
1186,478093,5,567195,31536000,11165.4,
1187,478093,5,527449,31536000,296.57,
1188,478093,5,459381,31536000,751.59,
1189,478093,5,595298,31536000,1360.63,
1190,478093,5,466907,31536000,735.03,
1191,478093,5,589943,31536000,567.39,
1192,478093,5,577992,31536000,102.67,
1193,478093,5,523927,31536000,344.81,
1194,478093,5,580426,31536000,460.69,
1195,478093,5,616315,31536000,1438.81,
1196,478093,5,642329,31536000,1881.12,
1197,478093,5,503701,31536000,1895.6,
1198,478093,5,571970,31536000,161.52,
1199,478093,5,644226,31536000,240.72,
1200,478093,5,632961,31536000,173.02,
1201,478093,5,473173,31536000,1016.66,
1202,478093,5,620120,31536000,2541.19,
1203,478093,5,575030,31536000,7806.56,
1204,478093,5,621924,31536000,54.92,
1205,535275,5,503218,31536000,119.07,
1206,535275,5,536346,31536000,97.81,
1207,510031,5,535275,31536000,136.69,
1208,552988,5,535275,31536000,2290.28,
1209,535275,5,527449,31536000,22.97,
1210,535275,5,459381,31536000,525.91,
1211,535275,5,595298,31536000,786.72,
1212,535275,5,466907,31536000,37.43,
1213,535275,5,606730,31536000,104.8,
1214,535275,5,537281,31536000,147.95,
1215,535275,5,595581,31536000,295.56,
1216,535275,5,642329,31536000,505.19,
1217,535275,5,503701,31536000,603.86,
1218,535275,5,571970,31536000,12.64,
1219,535275,5,644226,31536000,32.05,
1220,535275,5,473173,31536000,74.82,
1221,535275,5,620120,31536000,132.17,
1222,535275,5,575030,31536000,1535.9,
1223,535275,5,621924,31536000,148.67,
1224,512759,5,640784,31536000,80.17,
1225,512759,5,503218,31536000,159.59,
1226,512759,5,630626,31536000,2174.07,
1227,510031,5,512759,31536000,252.12,
1228,552988,5,512759,31536000,4631.52,
1229,512759,5,567195,31536000,167.4,
1230,512759,5,527449,31536000,232.7,
1231,512759,5,459381,31536000,159.76,
1232,512759,5,595298,31536000,439.45,
1233,512759,5,466907,31536000,101.69,
1234,512759,5,606730,31536000,40.13,
1235,512759,5,589943,31536000,328.84,
1236,512759,5,537281,31536000,57.43,
1237,512759,5,523927,31536000,43.98,
1238,512759,5,580426,31536000,119.04,
1239,512759,5,595581,31536000,156.83,
1240,512759,5,616315,31536000,325.38,
1241,512759,5,642329,31536000,92.93,
1242,512759,5,571970,31536000,20.05,
1243,512759,5,473173,31536000,323.29,
1244,620120,5,512759,31536000,151.54,
1245,512759,5,621924,31536000,592.74,
1246,478080,5,630626,31536000,9367.48,
1247,552988,5,478080,31536000,24139.4,
1248,478080,5,567195,31536000,2528.29,
1249,478080,5,527449,31536000,560.55,
1250,478080,5,459381,31536000,2221.06,
1251,478080,5,595298,31536000,2349.62,
1252,478080,5,466907,31536000,1294.13,
1253,478080,5,589943,31536000,405.98,
1254,478080,5,523927,31536000,2756.3,
1255,478080,5,580426,31536000,1129.75,
1256,478080,5,642329,31536000,373.53,
1257,478080,5,503701,31536000,5135.67,
1258,478080,5,571970,31536000,182.02,
1259,478080,5,473173,31536000,761.25,
1260,478080,5,620120,31536000,10903.2,
1261,478080,5,575030,31536000,15140.2,
1262,590206,5,536346,31536000,343.74,
1263,590206,5,520660,31536000,3654.91,
1264,552988,5,590206,31536000,29875.9,
1265,590206,5,567195,31536000,4780.38,
1266,590206,5,527449,31536000,73.88,
1267,590206,5,459381,31536000,419.15,
1268,590206,5,595298,31536000,1290.55,
1269,590206,5,466907,31536000,371.87,
1270,590206,5,606730,31536000,536.39,
1271,590206,5,589943,31536000,2388.83,
1272,590206,5,577992,31536000,1206.33,
1273,590206,5,537281,31536000,122.46,
1274,590206,5,523927,31536000,4833.05,
1275,590206,5,580426,31536000,443.42,
1276,590206,5,595581,31536000,2044.99,
1277,590206,5,642329,31536000,1418.75,
1278,590206,5,644226,31536000,1430.4,
1279,590206,5,632961,31536000,401.32,
1280,590206,5,473173,31536000,2096.54,
1281,590206,5,620120,31536000,3278.07,
1282,590206,5,575030,31536000,3350.31,
1283,590206,5,621924,31536000,549.37,
1284,477422,5,536346,31536000,870.09,
1285,510031,5,477422,31536000,49.42,
1286,552988,5,477422,31536000,5114.63,
1287,477422,5,527449,31536000,131.98,
1288,477422,5,459381,31536000,68.6,
1289,477422,5,595298,31536000,786.03,
1290,477422,5,466907,31536000,164.06,
1291,477422,5,589943,31536000,508.04,
1292,477422,5,577992,31536000,278.68,
1293,477422,5,537281,31536000,74.95,
1294,477422,5,523927,31536000,741.2,
1295,477422,5,595581,31536000,124.91,
1296,477422,5,642329,31536000,361.98,
1297,477422,5,571970,31536000,5.67,
1298,477422,5,644226,31536000,623.21,
1299,477422,5,632961,31536000,143.45,
1300,477422,5,473173,31536000,678.27,
1301,477422,5,620120,31536000,603.24,
1302,477422,5,621924,31536000,25.03,
1303,475195,5,640784,31536000,131.65,
1304,475195,5,536346,31536000,452.06,
1305,552988,5,475195,31536000,11026.2,
1306,475195,5,527449,31536000,96.72,
1307,475195,5,459381,31536000,63.63,
1308,475195,5,595298,31536000,1165.87,
1309,475195,5,466907,31536000,268.79,
1310,475195,5,606730,31536000,142.7,
1311,475195,5,589943,31536000,30.19,
1312,475195,5,577992,31536000,510.96,
1313,475195,5,523927,31536000,614.68,
1314,475195,5,580426,31536000,155.84,
1315,475195,5,595581,31536000,3.75,
1316,475195,5,616315,31536000,414.84,
1317,475195,5,642329,31536000,113.32,
1318,475195,5,503701,31536000,735.35,
1319,475195,5,571970,31536000,39.86,
1320,475195,5,644226,31536000,235.84,
1321,475195,5,632961,31536000,88.37,
1322,475195,5,473173,31536000,159.3,
1323,475195,5,620120,31536000,226.23,
1324,475195,5,575030,31536000,3793.54,
1325,475195,5,621924,31536000,182.41,
1326,489824,5,640784,31536000,627.6,
1327,489824,5,536346,31536000,1005.59,
1328,510031,5,489824,31536000,1248.42,
1329,489824,5,520660,31536000,2206.33,
1330,552988,5,489824,31536000,30077.1,
1331,489824,5,567195,31536000,4435.5,
1332,489824,5,527449,31536000,41.73,
1333,489824,5,459381,31536000,236.41,
1334,489824,5,595298,31536000,2524.06,
1335,489824,5,466907,31536000,581.91,
1336,489824,5,589943,31536000,4485.25,
1337,489824,5,577992,31536000,27.79,
1338,489824,5,537281,31536000,25.6,
1339,489824,5,523927,31536000,1313.51,
1340,489824,5,595581,31536000,1387.97,
1341,489824,5,642329,31536000,768.97,
1342,489824,5,503701,31536000,1243.33,
1343,489824,5,571970,31536000,60.21,
1344,489824,5,644226,31536000,1360.37,
1345,489824,5,632961,31536000,360.75,
1346,489824,5,473173,31536000,799.61,
1347,489824,5,620120,31536000,3549.65,
1348,489824,5,621924,31536000,67.6,
1349,463277,5,640784,31536000,69.63,
1350,463277,5,536346,31536000,462.69,
1351,552988,5,463277,31536000,7352.88,
1352,463277,5,527449,31536000,134.7,
1353,463277,5,459381,31536000,250.34,
1354,463277,5,595298,31536000,1381.55,
1355,463277,5,466907,31536000,229.18,
1356,463277,5,589943,31536000,16.82,
1357,463277,5,577992,31536000,157.27,
1358,463277,5,523927,31536000,590.92,
1359,463277,5,595581,31536000,704.92,
1360,463277,5,503701,31536000,460.03,
1361,463277,5,571970,31536000,26.59,
1362,463277,5,644226,31536000,806.07,
1363,463277,5,632961,31536000,34.73,
1364,463277,5,473173,31536000,1136.23,
1365,463277,5,620120,31536000,746.52,
1366,463277,5,575030,31536000,3876.16,
1367,606698,5,503218,31536000,351.43,
1368,606698,5,630626,31536000,2301.91,
1369,510031,5,606698,31536000,589.47,
1370,552988,5,606698,31536000,13788.9,
1371,606698,5,527449,31536000,243.39,
1372,606698,5,459381,31536000,187.62,
1373,606698,5,595298,31536000,1415.72,
1374,606698,5,466907,31536000,329.3,
1375,606698,5,606730,31536000,194.39,
1376,606698,5,589943,31536000,1216.46,
1377,606698,5,577992,31536000,1149.91,
1378,606698,5,503701,31536000,1037.13,
1379,606698,5,571970,31536000,100.36,
1380,606698,5,632961,31536000,21.92,
1381,606698,5,473173,31536000,302.42,
1382,606698,5,620120,31536000,919.07,
1383,606698,5,575030,31536000,1561.86,
1384,606698,5,621924,31536000,111.32,
1385,579271,5,640784,31536000,96.48,
1386,579271,5,630626,31536000,1270.24,
1387,552988,5,579271,31536000,5143.93,
1388,579271,5,567195,31536000,195.73,
1389,579271,5,527449,31536000,163.85,
1390,579271,5,459381,31536000,256.74,
1391,579271,5,595298,31536000,847.44,
1392,579271,5,466907,31536000,196.46,
1393,579271,5,577992,31536000,139.6,
1394,579271,5,537281,31536000,53.95,
1395,579271,5,523927,31536000,308.33,
1396,579271,5,580426,31536000,103.94,
1397,579271,5,595581,31536000,711.4,
1398,579271,5,616315,31536000,140.21,
1399,579271,5,642329,31536000,104.71,
1400,579271,5,503701,31536000,119.94,
1401,579271,5,632961,31536000,30.93,
1402,579271,5,473173,31536000,230.98,
1403,579271,5,620120,31536000,698.08,
1404,579271,5,575030,31536000,2835.34,
1405,579271,5,621924,31536000,512.78,
1406,643353,5,640784,31536000,53.77,
1407,643353,5,503218,31536000,338.85,
1408,643353,5,630626,31536000,2060.44,
1409,510031,5,643353,31536000,122.9,
1410,552988,5,643353,31536000,9213.57,
1411,643353,5,567195,31536000,304.74,
1412,643353,5,527449,31536000,146.18,
1413,643353,5,459381,31536000,266.98,
1414,643353,5,595298,31536000,38.6,
1415,643353,5,466907,31536000,175.85,
1416,643353,5,577992,31536000,507.85,
1417,643353,5,537281,31536000,7.26,
1418,643353,5,595581,31536000,324.01,
1419,643353,5,616315,31536000,154.88,
1420,643353,5,642329,31536000,244.67,
1421,643353,5,473173,31536000,589.81,
1422,643353,5,620120,31536000,45.57,
1423,643353,5,575030,31536000,2025.62,
1424,554368,5,640784,31536000,0.8,
1425,554368,5,536346,31536000,260.13,
1426,510031,5,554368,31536000,204.29,
1427,552988,5,554368,31536000,8505.77,
1428,554368,5,527449,31536000,52.77,
1429,554368,5,459381,31536000,305.52,
1430,554368,5,595298,31536000,1002.68,
1431,554368,5,466907,31536000,257.59,
1432,554368,5,589943,31536000,214.31,
1433,554368,5,577992,31536000,8.11,
1434,554368,5,537281,31536000,2.67,
1435,554368,5,595581,31536000,306.91,
1436,554368,5,642329,31536000,129.28,
1437,554368,5,503701,31536000,247.06,
1438,554368,5,644226,31536000,337.44,
1439,554368,5,632961,31536000,46.16,
1440,554368,5,473173,31536000,640.55,
1441,554368,5,620120,31536000,576.13,
1442,554368,5,575030,31536000,2618.68,
1443,554368,5,621924,31536000,213.3,
1444,645755,4,460388,26323200,0.111111,
1445,496041,4,617469,26323200,0.0909091,
2489,463277,6,616453,1641600,5.0,4.0
2367,502823,6,616453,2505600,1.0,4.0
2344,579271,6,616453,4665600,2.0,4.0
2333,477422,6,616453,28684800,0.0,4.0
2342,579271,6,616453,28684800,0.0,4.0
2345,646548,6,616453,28684800,0.0,4.0
2351,468754,6,616453,28684800,0.0,4.0
2357,618893,6,616453,28684800,0.0,4.0
2502,491352,6,625756,1209600,1.0,4.0
2407,523968,6,625756,3283200,3.0,4.0
2190,585212,6,625756,4350218,4.0,4.0
2271,501111,6,625756,4579200,6.0,4.0
2436,534034,6,625756,5041418,4.0,4.0
2371,480366,6,625756,5875200,5.0,4.0
2377,635458,6,625756,7344000,5.0,4.0
696,476945,6,625756,30412800,0.0,5.0
697,546151,6,625756,30412800,1.0,5.0
698,462943,6,625756,30412800,3.0,5.0
699,637545,6,625756,30412800,0.0,5.0
700,598500,6,625756,30412800,3.0,5.0
701,489824,6,625756,30412800,5.0,5.0
702,493328,6,625756,30412800,2.0,5.0
2253,488928,6,499467,6307200,1.0,1.0
2192,585212,6,499467,6855818,3.0,1.0
2438,534034,6,499467,7201418,1.0,1.0
2223,469276,6,499467,7689600,2.0,1.0
2218,570191,6,499467,15552000,7.0,1.0
2207,494254,6,499467,16329600,3.0,1.0
2256,488928,6,499467,18230400,5.0,1.0
2292,477102,6,499467,10972800,0.0,4.0
2309,535029,6,499467,12614400,3.0,4.0
2206,494254,6,499467,12873600,5.0,4.0
2410,523968,6,499467,29721600,4.0,4.0
2495,482646,6,499467,29894400,2.0,4.0
2389,612840,6,499467,29980800,2.0,4.0
2437,534034,6,657173,4436618,3.0,3.0
2191,585212,6,657173,4523018,3.0,3.0
2353,618893,6,657173,5529600,7.0,3.0
2444,476945,6,657173,10713600,3.0,5.0
2463,598500,6,657173,11318400,5.0,5.0
2486,638684,6,657173,12528000,2.0,5.0
2264,574889,6,657173,28425600,5.0,4.0
2362,502823,6,657173,28425600,1.0,4.0
2274,501111,6,657173,30067200,2.0,4.0
2222,469276,6,509607,6134400,4.0,1.0
2257,488928,6,509607,7257600,4.0,1.0
2251,478093,6,509607,9331200,1.0,1.0
2199,462278,6,509607,27388800,0.0,5.0
2477,493328,6,509607,29203200,2.0,5.0
2469,489824,6,509607,31017600,3.0,5.0
2281,512759,6,561157,3888000,5.0,4.0
2494,482646,6,561157,4147200,6.0,4.0
2205,494254,6,561157,4579200,4.0,4.0
2294,461129,6,561157,5875200,0.0,4.0
2411,523968,6,561157,27216000,2.0,5.0
2481,638684,6,561157,27734400,2.0,5.0
2194,462278,6,561157,27993600,5.0,5.0
